City_Name,City_Code,Date,Cumulative_verified_cases,Cumulated_recovered,Cumulated_deaths,Cumulated_number_of_tests,Cumulated_number_of_diagnostic_tests,colour,final_score,Latitude,Longitude,Ecolour,Verified_cases,Recovered,Deaths,Tests,Diagnostic_tests
אבו גוש,472,01/04/2020,<15,0,0,55,54,,,31.806353,35.1088651,,<15,0,0,55,54
אבו גוש,472,01/05/2020,<15,0,0,506,499,,,31.806353,35.1088651,,0,0,0,451,445
אבו גוש,472,01/06/2020,<15,<15,0,713,701,,,31.806353,35.1088651,,0,7.5,0,207,202
אבו גוש,472,01/07/2020,<15,<15,0,1103,1085,,,31.806353,35.1088651,,0,0,0,390,384
אבו גוש,472,01/08/2020,32,<15,0,1984,1952,,,31.806353,35.1088651,,24.5,0,0,881,867
אבו גוש,472,01/09/2020,100,52,0,3213,3150,צהוב,5.7,31.806353,35.1088651,Yellow,68,44.5,0,1229,1198
אבו גוש,472,01/10/2020,237,170,0,5351,5216,כתום,7.5,31.806353,35.1088651,Orange,137,118,0,2138,2066
אבו גוש,472,01/11/2020,256,231,0,6606,6393,ירוק,3,31.806353,35.1088651,Green,19,61,0,1255,1177
אבו גוש,472,01/12/2020,283,258,0,8113,7856,ירוק,4.5,31.806353,35.1088651,Green,27,27,0,1507,1463
אבו גוש,472,01/01/2021,496,406,<15,11538,11217,אדום,8,31.806353,35.1088651,Red,213,148,7.5,3425,3361
אבו גוש,472,01/02/2021,962,838,<15,15909,15484,כתום,6.5,31.806353,35.1088651,Orange,466,432,0,4371,4267
אבו גוש,472,01/03/2021,1212,1120,<15,18394,17898,כתום,6.5,31.806353,35.1088651,Orange,250,282,0,2485,2414
אבו גוש,472,01/04/2021,1275,1225,<15,21236,20670,ירוק,4.3,31.806353,35.1088651,Green,63,105,0,2842,2772
אבו גוש,472,01/05/2021,1293,1272,<15,23206,22605,ירוק,3.4,31.806353,35.1088651,Green,18,47,0,1970,1935
אבו גוש,472,01/06/2021,1295,1280,<15,25742,25129,ירוק,2,31.806353,35.1088651,Green,2,8,0,2536,2524
אבו גוש,472,01/07/2021,1298,1284,<15,27301,26687,ירוק,2,31.806353,35.1088651,Green,3,4,0,1559,1558
אבו גוש,472,01/08/2021,1307,1285,<15,31517,30901,ירוק,3.7,31.806353,35.1088651,Green,9,1,0,4216,4214
אבו גוש,472,01/09/2021,1378,1317,<15,36089,35453,אדום,7.5,31.806353,35.1088651,Red,71,32,0,4572,4552
אבו גוש,472,01/10/2021,1507,1440,<15,41454,40765,צהוב,5.7,31.806353,35.1088651,Yellow,129,123,0,5365,5312
אבו גוש,472,01/11/2021,1571,1546,<15,48338,47466,ירוק,3.6,31.806353,35.1088651,Green,64,106,0,6884,6701
אבו גוש,472,01/12/2021,1590,1567,<15,54836,53850,ירוק,3.2,31.806353,35.1088651,Green,19,21,0,6498,6384
אבו גוש,472,01/01/2022,1637,1595,<15,61710,60606,צהוב,5.8,31.806353,35.1088651,Yellow,47,28,0,6874,6756
אבו גוש,472,01/02/2022,4324,3475,<15,78202,76068,אדום,10,31.806353,35.1088651,Red,2687,1880,0,16492,15462
אבו גוש,472,01/03/2022,4866,4738,<15,83431,80668,צהוב,4.8,31.806353,35.1088651,Yellow,542,1263,0,5229,4600
אבו גוש,472,01/04/2022,5020,4921,<15,87603,84264,אדום,8.6,31.806353,35.1088651,Red,154,183,0,4172,3596
אבו גוש,472,01/05/2022,5137,5096,<15,89905,86367,צהוב,5.1,31.806353,35.1088651,Yellow,117,175,0,2302,2103
אבו גוש,472,01/06/2022,5239,5197,<15,93351,89710,כתום,7,31.806353,35.1088651,Orange,102,101,0,3446,3343
אור עקיבא,1020,01/04/2020,<15,0,0,93,93,,,32.5090151,34.9195677,,5239,5197,7.5,93351,89710
אור עקיבא,1020,01/05/2020,<15,<15,0,443,429,,,32.5090151,34.9195677,,0,7.5,0,350,336
אור עקיבא,1020,01/06/2020,<15,<15,0,723,704,,,32.5090151,34.9195677,,0,0,0,280,275
אור עקיבא,1020,01/07/2020,17,<15,0,1855,1818,,,32.5090151,34.9195677,,9.5,0,0,1132,1114
אור עקיבא,1020,01/08/2020,165,104,0,4235,4101,,,32.5090151,34.9195677,,148,96.5,0,2380,2283
אור עקיבא,1020,01/09/2020,219,174,0,5625,5432,כתום,6.1,32.5090151,34.9195677,Orange,54,70,0,1390,1331
אור עקיבא,1020,01/10/2020,490,309,0,8509,8193,אדום,8,32.5090151,34.9195677,Red,271,135,0,2884,2761
אור עקיבא,1020,01/11/2020,671,609,<15,11478,11027,צהוב,4.8,32.5090151,34.9195677,Yellow,181,300,7.5,2969,2834
אור עקיבא,1020,01/12/2020,704,669,<15,13760,13270,ירוק,2.1,32.5090151,34.9195677,Green,33,60,0,2282,2243
אור עקיבא,1020,01/01/2021,814,728,<15,17354,16831,כתום,6.2,32.5090151,34.9195677,Orange,110,59,0,3594,3561
אור עקיבא,1020,01/02/2021,1286,1100,<15,23261,22643,כתום,7,32.5090151,34.9195677,Orange,472,372,0,5907,5812
אור עקיבא,1020,01/03/2021,1549,1411,16,27279,26586,כתום,6.6,32.5090151,34.9195677,Orange,263,311,8.5,4018,3943
אור עקיבא,1020,01/04/2021,1645,1592,19,30947,30210,ירוק,2.9,32.5090151,34.9195677,Green,96,181,3,3668,3624
אור עקיבא,1020,01/05/2021,1662,1619,20,32717,31965,ירוק,1.6,32.5090151,34.9195677,Green,17,27,1,1770,1755
אור עקיבא,1020,01/06/2021,1670,1626,20,34213,33453,ירוק,2,32.5090151,34.9195677,Green,8,7,0,1496,1488
אור עקיבא,1020,01/07/2021,1673,1630,20,35533,34769,ירוק,2.2,32.5090151,34.9195677,Green,3,4,0,1320,1316
אור עקיבא,1020,01/08/2021,1789,1665,20,39617,38840,אדום,7.6,32.5090151,34.9195677,Red,116,35,0,4084,4071
אור עקיבא,1020,01/09/2021,2325,2048,23,47465,46573,אדום,7.9,32.5090151,34.9195677,Red,536,383,3,7848,7733
אור עקיבא,1020,01/10/2021,2884,2727,26,56084,55023,צהוב,4.7,32.5090151,34.9195677,Yellow,559,679,3,8619,8450
אור עקיבא,1020,01/11/2021,2936,2874,26,60936,59736,ירוק,1.9,32.5090151,34.9195677,Green,52,147,0,4852,4713
אור עקיבא,1020,01/12/2021,2941,2888,26,64757,63458,ירוק,2,32.5090151,34.9195677,Green,5,14,0,3821,3722
אור עקיבא,1020,01/01/2022,2981,2904,26,70366,69011,צהוב,5.6,32.5090151,34.9195677,Yellow,40,16,0,5609,5553
אור עקיבא,1020,01/02/2022,6649,5676,29,95678,93259,אדום,10,32.5090151,34.9195677,Red,3668,2772,3,25312,24248
אור עקיבא,1020,01/03/2022,8386,8148,35,103454,100454,כתום,7.1,32.5090151,34.9195677,Orange,1737,2472,6,7776,7195
אור עקיבא,1020,01/04/2022,9075,8818,35,107754,104303,אדום,10,32.5090151,34.9195677,Red,689,670,0,4300,3849
אור עקיבא,1020,01/05/2022,9426,9355,36,111240,107268,צהוב,5,32.5090151,34.9195677,Yellow,351,537,1,3486,2965
אור עקיבא,1020,01/06/2022,9573,9500,37,113780,109642,כתום,6.4,32.5090151,34.9195677,Orange,147,145,1,2540,2374
אטרש (שבט),965,01/04/2020,0,0,0,<15,<15,,,,,,9573,9500,37,113780,109642
אטרש (שבט),965,01/05/2020,0,0,0,16,16,,,,,,0,0,0,8.5,8.5
אטרש (שבט),965,01/06/2020,0,0,0,30,30,,,,,,0,0,0,14,14
אטרש (שבט),965,01/07/2020,0,0,0,54,54,,,,,,0,0,0,24,24
אטרש (שבט),965,01/08/2020,0,0,0,93,93,,,,,,0,0,0,39,39
אטרש (שבט),965,01/09/2020,0,0,0,138,138,ירוק,2,,,Green,0,0,0,45,45
אטרש (שבט),965,01/10/2020,0,0,0,185,185,ירוק,2,,,Green,0,0,0,47,47
אטרש (שבט),965,01/11/2020,<15,0,0,238,237,ירוק,2,,,Green,7.5,0,0,53,52
אטרש (שבט),965,01/12/2020,<15,<15,0,311,310,ירוק,2,,,Green,0,7.5,0,73,73
אטרש (שבט),965,01/01/2021,<15,<15,0,398,397,ירוק,2,,,Green,0,0,0,87,87
אטרש (שבט),965,01/02/2021,<15,<15,0,473,471,ירוק,2,,,Green,0,0,0,75,74
אטרש (שבט),965,01/03/2021,24,<15,0,590,588,כתום,6.8,,,Orange,16.5,0,0,117,117
אטרש (שבט),965,01/04/2021,37,35,0,738,732,ירוק,2.7,,,Green,13,27.5,0,148,144
אטרש (שבט),965,01/05/2021,47,43,0,833,825,ירוק,4,,,Green,10,8,0,95,93
אטרש (שבט),965,01/06/2021,47,46,0,895,887,ירוק,2,,,Green,0,3,0,62,62
אטרש (שבט),965,01/07/2021,47,47,0,939,931,ירוק,2,,,Green,0,1,0,44,44
אטרש (שבט),965,01/08/2021,48,47,0,1035,1027,ירוק,2.2,,,Green,1,0,0,96,96
אטרש (שבט),965,01/09/2021,66,57,0,1241,1233,ירוק,4.3,,,Green,18,10,0,206,206
אטרש (שבט),965,01/10/2021,112,74,0,1492,1474,אדום,10,,,Red,46,17,0,251,241
אטרש (שבט),965,01/11/2021,142,136,0,1843,1808,ירוק,4.5,,,Green,30,62,0,351,334
אטרש (שבט),965,01/12/2021,168,156,0,2279,2233,צהוב,5.1,,,Yellow,26,20,0,436,425
אטרש (שבט),965,01/01/2022,175,172,<15,2593,2537,ירוק,2.7,,,Green,7,16,7.5,314,304
אטרש (שבט),965,01/02/2022,214,197,<15,3101,3036,אדום,7.7,,,Red,39,25,0,508,499
אטרש (שבט),965,01/03/2022,245,238,<15,3432,3349,ירוק,4.5,,,Green,31,41,0,331,313
אטרש (שבט),965,01/04/2022,250,248,<15,3634,3546,ירוק,3.1,,,Green,5,10,0,202,197
אטרש (שבט),965,01/05/2022,252,250,<15,3725,3629,ירוק,2.4,,,Green,2,2,0,91,83
אטרש (שבט),965,01/06/2022,259,256,<15,3957,3857,ירוק,3.8,,,Green,7,6,0,232,228
אלעד,1309,01/04/2020,106,<15,0,443,424,,,32.0500659,34.9521522,,259,256,7.5,3957,3857
אלעד,1309,01/05/2020,379,227,0,4108,2956,,,32.0500659,34.9521522,,273,219.5,0,3665,2532
אלעד,1309,01/06/2020,383,356,0,5409,3884,,,32.0500659,34.9521522,,4,129,0,1301,928
אלעד,1309,01/07/2020,500,372,0,8446,6798,,,32.0500659,34.9521522,,117,16,0,3037,2914
אלעד,1309,01/08/2020,1294,714,0,13059,10973,,,32.0500659,34.9521522,,794,342,0,4613,4175
אלעד,1309,01/09/2020,1931,1621,0,16880,14651,כתום,7.3,32.0500659,34.9521522,Orange,637,907,0,3821,3678
אלעד,1309,01/10/2020,4434,3006,0,27277,24883,אדום,10,32.0500659,34.9521522,Red,2503,1385,0,10397,10232
אלעד,1309,01/11/2020,5477,5292,<15,33869,31221,ירוק,2.1,32.0500659,34.9521522,Green,1043,2286,7.5,6592,6338
אלעד,1309,01/12/2020,5558,5399,<15,37232,34487,ירוק,3.9,32.0500659,34.9521522,Green,81,107,0,3363,3266
אלעד,1309,01/01/2021,6249,5680,<15,44147,41337,אדום,8.9,32.0500659,34.9521522,Red,691,281,0,6915,6850
אלעד,1309,01/02/2021,10109,9054,<15,62332,59338,אדום,8.9,32.0500659,34.9521522,Red,3860,3374,0,18185,18001
אלעד,1309,01/03/2021,11287,10901,<15,70259,67145,כתום,6.4,32.0500659,34.9521522,Orange,1178,1847,0,7927,7807
אלעד,1309,01/04/2021,11495,11348,<15,75433,72222,ירוק,0.7,32.0500659,34.9521522,Green,208,447,0,5174,5077
אלעד,1309,01/05/2021,11505,11378,<15,77804,74524,ירוק,2,32.0500659,34.9521522,Green,10,30,0,2371,2302
אלעד,1309,01/06/2021,11505,11383,<15,79387,76106,ירוק,2,32.0500659,34.9521522,Green,0,5,0,1583,1582
אלעד,1309,01/07/2021,11505,11385,<15,80639,77358,ירוק,2,32.0500659,34.9521522,Green,0,2,0,1252,1252
אלעד,1309,01/08/2021,11586,11416,<15,84355,81069,צהוב,4.8,32.0500659,34.9521522,Yellow,81,31,0,3716,3711
אלעד,1309,01/09/2021,13405,12430,<15,98765,95383,אדום,8.8,32.0500659,34.9521522,Red,1819,1014,0,14410,14314
אלעד,1309,01/10/2021,15083,14700,<15,110680,107106,צהוב,6,32.0500659,34.9521522,Yellow,1678,2270,0,11915,11723
אלעד,1309,01/11/2021,15367,15209,<15,118828,115113,ירוק,2.8,32.0500659,34.9521522,Green,284,509,0,8148,8007
אלעד,1309,01/12/2021,15448,15332,<15,124185,120386,ירוק,2.7,32.0500659,34.9521522,Green,81,123,0,5357,5273
אלעד,1309,01/01/2022,15622,15486,<15,132064,128201,ירוק,3,32.0500659,34.9521522,Green,174,154,0,7879,7815
אלעד,1309,01/02/2022,22785,21496,<15,166478,161011,אדום,8.7,32.0500659,34.9521522,Red,7163,6010,0,34414,32810
אלעד,1309,01/03/2022,23383,23265,15,170142,164373,ירוק,4,32.0500659,34.9521522,Green,598,1769,7.5,3664,3362
אלעד,1309,01/04/2022,23530,23457,15,172177,166145,אדום,7.5,32.0500659,34.9521522,Red,147,192,0,2035,1772
אלעד,1309,01/05/2022,23620,23587,15,174080,167900,ירוק,3.7,32.0500659,34.9521522,Green,90,130,0,1903,1755
אלעד,1309,01/06/2022,23646,23625,15,175317,169124,ירוק,2.2,32.0500659,34.9521522,Green,26,38,0,1237,1224
באר שבע,9000,01/04/2020,101,0,<15,2266,2231,,,31.2457442,34.7925181,,23646,23625,15,175317,169124
באר שבע,9000,01/05/2020,173,73,<15,8574,7982,,,31.2457442,34.7925181,,72,73,0,6308,5751
באר שבע,9000,01/06/2020,195,113,<15,13272,12458,,,31.2457442,34.7925181,,22,40,0,4698,4476
באר שבע,9000,01/07/2020,408,163,<15,28947,27804,,,31.2457442,34.7925181,,213,50,0,15675,15346
באר שבע,9000,01/08/2020,1227,559,18,48360,46376,,,31.2457442,34.7925181,,819,396,10.5,19413,18572
באר שבע,9000,01/09/2020,1921,1407,21,66199,63627,צהוב,4.7,31.2457442,34.7925181,Yellow,694,848,3,17839,17251
באר שבע,9000,01/10/2020,4767,3050,30,101278,98026,כתום,7.2,31.2457442,34.7925181,Orange,2846,1643,9,35079,34399
באר שבע,9000,01/11/2020,5803,5270,48,130828,126143,ירוק,3.1,31.2457442,34.7925181,Green,1036,2220,18,29550,28117
באר שבע,9000,01/12/2020,6213,5662,55,166358,161011,צהוב,4.8,31.2457442,34.7925181,Yellow,410,392,7,35530,34868
באר שבע,9000,01/01/2021,7596,6477,67,222507,216437,כתום,6.3,31.2457442,34.7925181,Orange,1383,815,12,56149,55426
באר שבע,9000,01/02/2021,10693,9215,88,286170,279132,כתום,6.2,31.2457442,34.7925181,Orange,3097,2738,21,63663,62695
באר שבע,9000,01/03/2021,13416,12049,97,336689,328806,כתום,6.3,31.2457442,34.7925181,Orange,2723,2834,9,50519,49674
באר שבע,9000,01/04/2021,15195,14567,104,391605,382947,ירוק,2.6,31.2457442,34.7925181,Green,1779,2518,7,54916,54141
באר שבע,9000,01/05/2021,15373,14943,109,418140,409113,ירוק,0.7,31.2457442,34.7925181,Green,178,376,5,26535,26166
באר שבע,9000,01/06/2021,15490,15089,109,438981,429802,ירוק,1.3,31.2457442,34.7925181,Green,117,146,0,20841,20689
באר שבע,9000,01/07/2021,15504,15117,109,450651,441440,ירוק,0.5,31.2457442,34.7925181,Green,14,28,0,11670,11638
באר שבע,9000,01/08/2021,16239,15445,110,492700,483357,צהוב,5.9,31.2457442,34.7925181,Yellow,735,328,1,42049,41917
באר שבע,9000,01/09/2021,21817,19067,127,593805,583618,כתום,7.5,31.2457442,34.7925181,Orange,5578,3622,17,101105,100261
באר שבע,9000,01/10/2021,26623,25124,142,689039,677266,צהוב,5.1,31.2457442,34.7925181,Yellow,4806,6057,15,95234,93648
באר שבע,9000,01/11/2021,27715,27061,150,765090,751916,ירוק,3.2,31.2457442,34.7925181,Green,1092,1937,8,76051,74650
באר שבע,9000,01/12/2021,28092,27569,156,825837,811664,ירוק,2.4,31.2457442,34.7925181,Green,377,508,6,60747,59748
באר שבע,9000,01/01/2022,28819,28079,159,908514,893623,צהוב,5.3,31.2457442,34.7925181,Yellow,727,510,3,82677,81959
באר שבע,9000,01/02/2022,68008,57789,181,1195210,1168506,אדום,10,31.2457442,34.7925181,Red,39189,29710,22,286696,274883
באר שבע,9000,01/03/2022,87402,84501,236,1289517,1256317,אדום,8,31.2457442,34.7925181,Red,19394,26712,55,94307,87811
באר שבע,9000,01/04/2022,96078,93415,247,1343238,1303767,אדום,10,31.2457442,34.7925181,Red,8676,8914,11,53721,47450
באר שבע,9000,01/05/2022,101071,99992,253,1381429,1335827,כתום,6.2,31.2457442,34.7925181,Orange,4993,6577,6,38191,32060
באר שבע,9000,01/06/2022,103037,102348,253,1411466,1363735,צהוב,6,31.2457442,34.7925181,Yellow,1966,2356,0,30037,27908
בועיינה-נוג'ידאת,482,01/04/2020,0,0,0,27,27,,,32.8056259,35.3646736,,103037,102348,253,1411466,1363735
בועיינה-נוג'ידאת,482,01/05/2020,<15,<15,0,222,211,,,32.8056259,35.3646736,,7.5,7.5,0,195,184
בועיינה-נוג'ידאת,482,01/06/2020,<15,<15,0,318,305,,,32.8056259,35.3646736,,0,0,0,96,94
בועיינה-נוג'ידאת,482,01/07/2020,<15,<15,0,413,400,,,32.8056259,35.3646736,,0,0,0,95,95
בועיינה-נוג'ידאת,482,01/08/2020,<15,<15,0,722,709,,,32.8056259,35.3646736,,0,0,0,309,309
בועיינה-נוג'ידאת,482,01/09/2020,37,<15,0,1235,1214,כתום,6.3,32.8056259,35.3646736,Orange,29.5,0,0,513,505
בועיינה-נוג'ידאת,482,01/10/2020,75,49,0,2213,2167,צהוב,5.8,32.8056259,35.3646736,Yellow,38,41.5,0,978,953
בועיינה-נוג'ידאת,482,01/11/2020,175,91,0,3641,3572,כתום,7.4,32.8056259,35.3646736,Orange,100,42,0,1428,1405
בועיינה-נוג'ידאת,482,01/12/2020,237,192,<15,4929,4808,כתום,6.2,32.8056259,35.3646736,Orange,62,101,7.5,1288,1236
בועיינה-נוג'ידאת,482,01/01/2021,472,402,<15,8461,8291,כתום,6.2,32.8056259,35.3646736,Orange,235,210,0,3532,3483
בועיינה-נוג'ידאת,482,01/02/2021,654,586,<15,10099,9900,צהוב,5.8,32.8056259,35.3646736,Yellow,182,184,0,1638,1609
בועיינה-נוג'ידאת,482,01/03/2021,807,758,<15,11212,10983,צהוב,5.3,32.8056259,35.3646736,Yellow,153,172,0,1113,1083
בועיינה-נוג'ידאת,482,01/04/2021,908,887,<15,12805,12537,ירוק,3.8,32.8056259,35.3646736,Green,101,129,0,1593,1554
בועיינה-נוג'ידאת,482,01/05/2021,916,902,<15,13239,12958,ירוק,2.2,32.8056259,35.3646736,Green,8,15,0,434,421
בועיינה-נוג'ידאת,482,01/06/2021,916,902,<15,13682,13389,ירוק,2,32.8056259,35.3646736,Green,0,0,0,443,431
בועיינה-נוג'ידאת,482,01/07/2021,918,902,<15,14015,13722,ירוק,2.3,32.8056259,35.3646736,Green,2,0,0,333,333
בועיינה-נוג'ידאת,482,01/08/2021,949,908,<15,15980,15674,כתום,6.3,32.8056259,35.3646736,Orange,31,6,0,1965,1952
בועיינה-נוג'ידאת,482,01/09/2021,1075,1027,<15,18068,17736,צהוב,5.9,32.8056259,35.3646736,Yellow,126,119,0,2088,2062
בועיינה-נוג'ידאת,482,01/10/2021,1485,1315,<15,22798,22364,כתום,7.4,32.8056259,35.3646736,Orange,410,288,0,4730,4628
בועיינה-נוג'ידאת,482,01/11/2021,1606,1565,<15,26030,25499,צהוב,4.5,32.8056259,35.3646736,Yellow,121,250,0,3232,3135
בועיינה-נוג'ידאת,482,01/12/2021,1645,1626,<15,27796,27206,ירוק,2.4,32.8056259,35.3646736,Green,39,61,0,1766,1707
בועיינה-נוג'ידאת,482,01/01/2022,1659,1634,<15,29330,28706,ירוק,4.1,32.8056259,35.3646736,Green,14,8,0,1534,1500
בועיינה-נוג'ידאת,482,01/02/2022,3439,2982,<15,38181,36913,אדום,10,32.8056259,35.3646736,Red,1780,1348,0,8851,8207
בועיינה-נוג'ידאת,482,01/03/2022,3827,3764,<15,41040,39508,ירוק,4.5,32.8056259,35.3646736,Green,388,782,0,2859,2595
בועיינה-נוג'ידאת,482,01/04/2022,3850,3841,<15,42384,40743,ירוק,4.4,32.8056259,35.3646736,Green,23,77,0,1344,1235
בועיינה-נוג'ידאת,482,01/05/2022,3870,3862,<15,43144,41432,ירוק,3.9,32.8056259,35.3646736,Green,20,21,0,760,689
בועיינה-נוג'ידאת,482,01/06/2022,3885,3880,<15,44768,43027,ירוק,2,32.8056259,35.3646736,Green,15,18,0,1624,1595
בוקעאתא,4001,01/04/2020,<15,0,0,42,40,,,33.20076,35.7779892,,3885,3880,7.5,44768,43027
בוקעאתא,4001,01/05/2020,<15,<15,0,138,133,,,33.20076,35.7779892,,0,7.5,0,96,93
בוקעאתא,4001,01/06/2020,<15,<15,0,165,160,,,33.20076,35.7779892,,0,0,0,27,27
בוקעאתא,4001,01/07/2020,<15,<15,0,199,194,,,33.20076,35.7779892,,0,0,0,34,34
בוקעאתא,4001,01/08/2020,<15,<15,0,249,244,,,33.20076,35.7779892,,0,0,0,50,50
בוקעאתא,4001,01/09/2020,84,<15,0,740,735,אדום,8.4,33.20076,35.7779892,Red,76.5,0,0,491,491
בוקעאתא,4001,01/10/2020,236,174,<15,1561,1528,אדום,8.9,33.20076,35.7779892,Red,152,166.5,7.5,821,793
בוקעאתא,4001,01/11/2020,281,235,<15,1961,1892,כתום,7,33.20076,35.7779892,Orange,45,61,0,400,364
בוקעאתא,4001,01/12/2020,698,633,<15,3986,3853,כתום,6.7,33.20076,35.7779892,Orange,417,398,0,2025,1961
בוקעאתא,4001,01/01/2021,853,807,<15,5334,5168,צהוב,5.3,33.20076,35.7779892,Yellow,155,174,0,1348,1315
בוקעאתא,4001,01/02/2021,923,877,<15,5732,5549,כתום,6.7,33.20076,35.7779892,Orange,70,70,0,398,381
בוקעאתא,4001,01/03/2021,937,910,<15,5891,5705,ירוק,3.1,33.20076,35.7779892,Green,14,33,0,159,156
בוקעאתא,4001,01/04/2021,955,928,<15,6118,5931,צהוב,4.7,33.20076,35.7779892,Yellow,18,18,0,227,226
בוקעאתא,4001,01/05/2021,989,965,<15,7205,6980,ירוק,3,33.20076,35.7779892,Green,34,37,0,1087,1049
בוקעאתא,4001,01/06/2021,991,969,<15,7414,7184,ירוק,2,33.20076,35.7779892,Green,2,4,0,209,204
בוקעאתא,4001,01/07/2021,991,969,<15,7472,7242,ירוק,2,33.20076,35.7779892,Green,0,0,0,58,58
בוקעאתא,4001,01/08/2021,991,969,<15,7666,7435,ירוק,2,33.20076,35.7779892,Green,0,0,0,194,193
בוקעאתא,4001,01/09/2021,994,972,<15,7922,7690,ירוק,2.3,33.20076,35.7779892,Green,3,3,0,256,255
בוקעאתא,4001,01/10/2021,1039,997,<15,9290,9053,כתום,6.1,33.20076,35.7779892,Orange,45,25,0,1368,1363
בוקעאתא,4001,01/11/2021,1067,1037,<15,11728,11469,ירוק,3.4,33.20076,35.7779892,Green,28,40,0,2438,2416
בוקעאתא,4001,01/12/2021,1110,1063,<15,13831,13553,כתום,6.3,33.20076,35.7779892,Orange,43,26,0,2103,2084
בוקעאתא,4001,01/01/2022,1161,1135,<15,15788,15496,ירוק,2.3,33.20076,35.7779892,Green,51,72,0,1957,1943
בוקעאתא,4001,01/02/2022,1853,1623,<15,18634,18206,אדום,10,33.20076,35.7779892,Red,692,488,0,2846,2710
בוקעאתא,4001,01/03/2022,2150,2110,<15,20397,19817,צהוב,5.1,33.20076,35.7779892,Yellow,297,487,0,1763,1611
בוקעאתא,4001,01/04/2022,2169,2151,<15,21769,21112,ירוק,3.4,33.20076,35.7779892,Green,19,41,0,1372,1295
בוקעאתא,4001,01/05/2022,2178,2164,<15,22253,21555,ירוק,2.9,33.20076,35.7779892,Green,9,13,0,484,443
בוקעאתא,4001,01/06/2022,2182,2169,<15,22724,22024,ירוק,3.2,33.20076,35.7779892,Green,4,5,0,471,469
בית יצחק-שער חפר,326,01/04/2020,<15,0,0,21,21,,,32.3345648,34.8905446,,2182,2169,7.5,22724,22024
בית יצחק-שער חפר,326,01/05/2020,<15,<15,0,73,63,,,32.3345648,34.8905446,,0,7.5,0,52,42
בית יצחק-שער חפר,326,01/06/2020,<15,<15,0,110,100,,,32.3345648,34.8905446,,0,0,0,37,37
בית יצחק-שער חפר,326,01/07/2020,<15,<15,0,181,167,,,32.3345648,34.8905446,,0,0,0,71,67
בית יצחק-שער חפר,326,01/08/2020,<15,<15,0,269,253,,,32.3345648,34.8905446,,0,0,0,88,86
בית יצחק-שער חפר,326,01/09/2020,<15,<15,0,367,350,ירוק,4.1,32.3345648,34.8905446,Green,0,0,0,98,97
בית יצחק-שער חפר,326,01/10/2020,31,19,0,588,570,צהוב,6,32.3345648,34.8905446,Yellow,23.5,11.5,0,221,220
בית יצחק-שער חפר,326,01/11/2020,33,32,0,786,763,ירוק,3,32.3345648,34.8905446,Green,2,13,0,198,193
בית יצחק-שער חפר,326,01/12/2020,36,35,0,1086,1056,ירוק,3.4,32.3345648,34.8905446,Green,3,3,0,300,293
בית יצחק-שער חפר,326,01/01/2021,42,40,0,1535,1498,ירוק,3.9,32.3345648,34.8905446,Green,6,5,0,449,442
בית יצחק-שער חפר,326,01/02/2021,63,62,0,2137,2089,צהוב,4.6,32.3345648,34.8905446,Yellow,21,22,0,602,591
בית יצחק-שער חפר,326,01/03/2021,70,67,0,2413,2361,ירוק,3.9,32.3345648,34.8905446,Green,7,5,0,276,272
בית יצחק-שער חפר,326,01/04/2021,75,75,0,3049,2996,ירוק,2.7,32.3345648,34.8905446,Green,5,8,0,636,635
בית יצחק-שער חפר,326,01/05/2021,75,75,0,3325,3272,ירוק,2,32.3345648,34.8905446,Green,0,0,0,276,276
בית יצחק-שער חפר,326,01/06/2021,75,75,0,3567,3513,ירוק,2,32.3345648,34.8905446,Green,0,0,0,242,241
בית יצחק-שער חפר,326,01/07/2021,81,75,0,3883,3826,ירוק,3.5,32.3345648,34.8905446,Green,6,0,0,316,313
בית יצחק-שער חפר,326,01/08/2021,112,104,<15,5301,5222,ירוק,4.5,32.3345648,34.8905446,Green,31,29,7.5,1418,1396
בית יצחק-שער חפר,326,01/09/2021,156,132,<15,6805,6707,אדום,7.5,32.3345648,34.8905446,Red,44,28,0,1504,1485
בית יצחק-שער חפר,326,01/10/2021,185,179,<15,8009,7897,ירוק,4.5,32.3345648,34.8905446,Green,29,47,0,1204,1190
בית יצחק-שער חפר,326,01/11/2021,186,183,<15,8665,8530,ירוק,2,32.3345648,34.8905446,Green,1,4,0,656,633
בית יצחק-שער חפר,326,01/12/2021,186,183,<15,9186,9044,ירוק,2,32.3345648,34.8905446,Green,0,0,0,521,514
בית יצחק-שער חפר,326,01/01/2022,212,185,<15,10528,10381,כתום,6.7,32.3345648,34.8905446,Orange,26,2,0,1342,1337
בית יצחק-שער חפר,326,01/02/2022,618,531,<15,14089,13770,אדום,10,32.3345648,34.8905446,Red,406,346,0,3561,3389
בית יצחק-שער חפר,326,01/03/2022,819,795,<15,15083,14674,אדום,8,32.3345648,34.8905446,Red,201,264,0,994,904
בית יצחק-שער חפר,326,01/04/2022,989,958,<15,15935,15399,אדום,9.7,32.3345648,34.8905446,Red,170,163,0,852,725
בית יצחק-שער חפר,326,01/05/2022,1065,1052,<15,16647,15941,צהוב,5.9,32.3345648,34.8905446,Yellow,76,94,0,712,542
בית יצחק-שער חפר,326,01/06/2022,1090,1081,<15,16961,16217,צהוב,4.9,32.3345648,34.8905446,Yellow,25,29,0,314,276
בני ברק,6100,01/04/2020,940,<15,<15,2782,2685,,,32.0873899,34.8324376,,1090,1081,7.5,16961,16217
בני ברק,6100,01/05/2020,2822,1547,31,25120,17272,,,32.0873899,34.8324376,,1882,1539.5,23.5,22338,14587
בני ברק,6100,01/06/2020,2909,2569,46,35600,24548,,,32.0873899,34.8324376,,87,1022,15,10480,7276
בני ברק,6100,01/07/2020,3598,2757,48,50956,39156,,,32.0873899,34.8324376,,689,188,2,15356,14608
בני ברק,6100,01/08/2020,7312,5196,61,77358,62505,,,32.0873899,34.8324376,,3714,2439,13,26402,23349
בני ברק,6100,01/09/2020,10145,8837,74,97545,81748,כתום,7,32.0873899,34.8324376,Orange,2833,3641,13,20187,19243
בני ברק,6100,01/10/2020,19808,13884,87,144928,128100,אדום,10,32.0873899,34.8324376,Red,9663,5047,13,47383,46352
בני ברק,6100,01/11/2020,25347,24459,139,182728,164336,ירוק,3,32.0873899,34.8324376,Green,5539,10575,52,37800,36236
בני ברק,6100,01/12/2020,25762,25075,145,198558,179644,ירוק,3.1,32.0873899,34.8324376,Green,415,616,6,15830,15308
בני ברק,6100,01/01/2021,29096,26535,150,231947,212527,אדום,8.8,32.0873899,34.8324376,Red,3334,1460,5,33389,32883
בני ברק,6100,01/02/2021,42450,37596,184,307810,287388,אדום,9,32.0873899,34.8324376,Red,13354,11061,34,75863,74861
בני ברק,6100,01/03/2021,47178,45560,212,343779,322576,כתום,6,32.0873899,34.8324376,Orange,4728,7964,28,35969,35188
בני ברק,6100,01/04/2021,48104,47430,226,366573,344813,ירוק,0.1,32.0873899,34.8324376,Green,926,1870,14,22794,22237
בני ברק,6100,01/05/2021,48149,47556,228,376879,354807,ירוק,0.5,32.0873899,34.8324376,Green,45,126,2,10306,9994
בני ברק,6100,01/06/2021,48150,47571,230,383408,361298,ירוק,2,32.0873899,34.8324376,Green,1,15,2,6529,6491
בני ברק,6100,01/07/2021,48155,47577,230,390547,368428,ירוק,0,32.0873899,34.8324376,Green,5,6,0,7139,7130
בני ברק,6100,01/08/2021,48457,47681,230,405946,383802,צהוב,5.8,32.0873899,34.8324376,Yellow,302,104,0,15399,15374
בני ברק,6100,01/09/2021,54473,50386,239,456405,433865,אדום,9.8,32.0873899,34.8324376,Red,6016,2705,9,50459,50063
בני ברק,6100,01/10/2021,61219,59522,252,506100,482711,כתום,6.1,32.0873899,34.8324376,Orange,6746,9136,13,49695,48846
בני ברק,6100,01/11/2021,62046,61354,260,535432,511494,ירוק,2.2,32.0873899,34.8324376,Green,827,1832,8,29332,28783
בני ברק,6100,01/12/2021,62252,61607,260,554008,529721,ירוק,3.6,32.0873899,34.8324376,Green,206,253,0,18576,18227
בני ברק,6100,01/01/2022,62711,61972,262,579326,554781,ירוק,4.5,32.0873899,34.8324376,Green,459,365,2,25318,25060
בני ברק,6100,01/02/2022,86887,82552,281,708530,678880,אדום,7.8,32.0873899,34.8324376,Red,24176,20580,19,129204,124099
בני ברק,6100,01/03/2022,88336,87638,287,723793,692795,ירוק,3,32.0873899,34.8324376,Green,1449,5086,6,15263,13915
בני ברק,6100,01/04/2022,88851,88383,290,736272,703965,צהוב,5.5,32.0873899,34.8324376,Yellow,515,745,3,12479,11170
בני ברק,6100,01/05/2022,89184,88795,290,749389,716191,צהוב,4.9,32.0873899,34.8324376,Yellow,333,412,0,13117,12226
בני ברק,6100,01/06/2022,89323,88974,290,757914,724598,ירוק,2.4,32.0873899,34.8324376,Green,139,179,0,8525,8407
בענה,483,01/04/2020,<15,0,0,<15,<15,,,32.9280587,35.272169,,89323,88974,290,757914,724598
בענה,483,01/05/2020,26,<15,<15,1589,1531,,,32.9280587,35.272169,,18.5,7.5,7.5,1581.5,1523.5
בענה,483,01/06/2020,26,19,<15,1751,1627,,,32.9280587,35.272169,,0,11.5,0,162,96
בענה,483,01/07/2020,32,19,<15,2128,1994,,,32.9280587,35.272169,,6,0,0,377,367
בענה,483,01/08/2020,40,32,<15,2489,2331,,,32.9280587,35.272169,,8,13,0,361,337
בענה,483,01/09/2020,92,54,<15,3175,3002,כתום,6.3,32.9280587,35.272169,Orange,52,22,0,686,671
בענה,483,01/10/2020,397,253,<15,4869,4628,אדום,8.5,32.9280587,35.272169,Red,305,199,0,1694,1626
בענה,483,01/11/2020,512,446,<15,5772,5411,אדום,7.7,32.9280587,35.272169,Red,115,193,0,903,783
בענה,483,01/12/2020,566,503,<15,6686,6270,כתום,6,32.9280587,35.272169,Orange,54,57,0,914,859
בענה,483,01/01/2021,671,610,<15,8115,7658,צהוב,5.6,32.9280587,35.272169,Yellow,105,107,0,1429,1388
בענה,483,01/02/2021,777,722,<15,9239,8761,כתום,7.1,32.9280587,35.272169,Orange,106,112,0,1124,1103
בענה,483,01/03/2021,855,798,<15,10172,9674,כתום,6.4,32.9280587,35.272169,Orange,78,76,0,933,913
בענה,483,01/04/2021,955,921,<15,11533,11017,ירוק,4.5,32.9280587,35.272169,Green,100,123,0,1361,1343
בענה,483,01/05/2021,969,944,<15,11907,11378,ירוק,2.8,32.9280587,35.272169,Green,14,23,0,374,361
בענה,483,01/06/2021,969,946,<15,12217,11684,ירוק,2,32.9280587,35.272169,Green,0,2,0,310,306
בענה,483,01/07/2021,969,947,<15,12417,11881,ירוק,2,32.9280587,35.272169,Green,0,1,0,200,197
בענה,483,01/08/2021,974,950,<15,13444,12907,ירוק,3.3,32.9280587,35.272169,Green,5,3,0,1027,1026
בענה,483,01/09/2021,1038,974,<15,14776,14236,אדום,7.6,32.9280587,35.272169,Red,64,24,0,1332,1329
בענה,483,01/10/2021,1375,1215,<15,19068,18453,כתום,6.8,32.9280587,35.272169,Orange,337,241,0,4292,4217
בענה,483,01/11/2021,1477,1431,<15,23440,22752,צהוב,5.5,32.9280587,35.272169,Yellow,102,216,0,4372,4299
בענה,483,01/12/2021,1512,1484,<15,26926,26173,ירוק,2.6,32.9280587,35.272169,Green,35,53,0,3486,3421
בענה,483,01/01/2022,1528,1498,<15,29238,28457,ירוק,4.2,32.9280587,35.272169,Green,16,14,0,2312,2284
בענה,483,01/02/2022,2868,2557,<15,36302,35059,אדום,10,32.9280587,35.272169,Red,1340,1059,0,7064,6602
בענה,483,01/03/2022,3191,3152,<15,39117,37638,ירוק,3.7,32.9280587,35.272169,Green,323,595,0,2815,2579
בענה,483,01/04/2022,3223,3201,<15,41810,40010,ירוק,4.5,32.9280587,35.272169,Green,32,49,0,2693,2372
בענה,483,01/05/2022,3239,3222,<15,42865,40954,ירוק,3.5,32.9280587,35.272169,Green,16,21,0,1055,944
בענה,483,01/06/2022,3254,3238,<15,44037,42095,ירוק,3,32.9280587,35.272169,Green,15,16,0,1172,1141
גבעתיים,6300,01/04/2020,29,<15,0,645,625,,,32.0729606,34.8113279,,3254,3238,7.5,44037,42095
גבעתיים,6300,01/05/2020,53,35,0,2179,2026,,,32.0729606,34.8113279,,24,27.5,0,1534,1401
גבעתיים,6300,01/06/2020,60,44,<15,3305,3101,,,32.0729606,34.8113279,,7,9,7.5,1126,1075
גבעתיים,6300,01/07/2020,94,50,<15,6106,5865,,,32.0729606,34.8113279,,34,6,0,2801,2764
גבעתיים,6300,01/08/2020,270,193,<15,10579,10073,,,32.0729606,34.8113279,,176,143,0,4473,4208
גבעתיים,6300,01/09/2020,354,288,<15,14231,13552,ירוק,3.8,32.0729606,34.8113279,Green,84,95,0,3652,3479
גבעתיים,6300,01/10/2020,711,483,<15,20346,19504,כתום,6.3,32.0729606,34.8113279,Orange,357,195,0,6115,5952
גבעתיים,6300,01/11/2020,814,763,17,25892,24826,ירוק,1.8,32.0729606,34.8113279,Green,103,280,9.5,5546,5322
גבעתיים,6300,01/12/2020,890,833,17,33945,32821,ירוק,2.9,32.0729606,34.8113279,Green,76,70,0,8053,7995
גבעתיים,6300,01/01/2021,1101,970,17,48222,47020,צהוב,4.8,32.0729606,34.8113279,Yellow,211,137,0,14277,14199
גבעתיים,6300,01/02/2021,1595,1397,24,64180,62816,צהוב,5,32.0729606,34.8113279,Yellow,494,427,7,15958,15796
גבעתיים,6300,01/03/2021,1929,1793,28,77413,75879,ירוק,4,32.0729606,34.8113279,Green,334,396,4,13233,13063
גבעתיים,6300,01/04/2021,1997,1937,31,88037,86402,ירוק,1.1,32.0729606,34.8113279,Green,68,144,3,10624,10523
גבעתיים,6300,01/05/2021,2007,1955,31,94336,92670,ירוק,1.1,32.0729606,34.8113279,Green,10,18,0,6299,6268
גבעתיים,6300,01/06/2021,2011,1961,31,99392,97715,ירוק,0.7,32.0729606,34.8113279,Green,4,6,0,5056,5045
גבעתיים,6300,01/07/2021,2029,1964,31,104906,103219,ירוק,1.4,32.0729606,34.8113279,Green,18,3,0,5514,5504
גבעתיים,6300,01/08/2021,2280,2118,32,124024,122231,צהוב,5.4,32.0729606,34.8113279,Yellow,251,154,1,19118,19012
גבעתיים,6300,01/09/2021,3345,2928,35,156813,154761,צהוב,6,32.0729606,34.8113279,Yellow,1065,810,3,32789,32530
גבעתיים,6300,01/10/2021,3841,3704,38,182257,179795,ירוק,2.9,32.0729606,34.8113279,Green,496,776,3,25444,25034
גבעתיים,6300,01/11/2021,3929,3868,39,198496,195739,ירוק,0.5,32.0729606,34.8113279,Green,88,164,1,16239,15944
גבעתיים,6300,01/12/2021,3976,3904,39,213617,210700,ירוק,1.9,32.0729606,34.8113279,Green,47,36,0,15121,14961
גבעתיים,6300,01/01/2022,4337,3987,39,236871,233857,אדום,7.9,32.0729606,34.8113279,Red,361,83,0,23254,23157
גבעתיים,6300,01/02/2022,14104,11832,46,316471,310597,אדום,10,32.0729606,34.8113279,Red,9767,7845,7,79600,76740
גבעתיים,6300,01/03/2022,19400,18761,51,342559,334866,אדום,8,32.0729606,34.8113279,Red,5296,6929,5,26088,24269
גבעתיים,6300,01/04/2022,22836,21930,55,362336,351830,אדום,9.9,32.0729606,34.8113279,Red,3436,3169,4,19777,16964
גבעתיים,6300,01/05/2022,24467,24235,55,379939,366130,צהוב,5.9,32.0729606,34.8113279,Yellow,1631,2305,0,17603,14300
גבעתיים,6300,01/06/2022,25110,24907,56,388956,374291,אדום,7.9,32.0729606,34.8113279,Red,643,672,1,9017,8161
זמר,1290,01/04/2020,<15,0,0,33,33,,,32.36220995,35.03251314,,25110,24907,56,388956,374291
זמר,1290,01/05/2020,<15,<15,0,281,274,,,32.36220995,35.03251314,,0,7.5,0,248,241
זמר,1290,01/06/2020,<15,<15,0,354,347,,,32.36220995,35.03251314,,0,0,0,73,73
זמר,1290,01/07/2020,<15,<15,0,651,644,,,32.36220995,35.03251314,,0,0,0,297,297
זמר,1290,01/08/2020,49,<15,0,1138,1114,,,32.36220995,35.03251314,,41.5,0,0,487,470
זמר,1290,01/09/2020,156,83,0,2093,1991,אדום,7.8,32.36220995,35.03251314,Red,107,75.5,0,955,877
זמר,1290,01/10/2020,237,167,0,2889,2719,כתום,7,32.36220995,35.03251314,Orange,81,84,0,796,728
זמר,1290,01/11/2020,277,223,<15,3454,3243,ירוק,4.3,32.36220995,35.03251314,Green,40,56,7.5,565,524
זמר,1290,01/12/2020,301,251,<15,4077,3855,ירוק,4.2,32.36220995,35.03251314,Green,24,28,0,623,612
זמר,1290,01/01/2021,382,319,<15,5531,5281,צהוב,5,32.36220995,35.03251314,Yellow,81,68,0,1454,1426
זמר,1290,01/02/2021,463,411,<15,6386,6111,אדום,7.9,32.36220995,35.03251314,Red,81,92,0,855,830
זמר,1290,01/03/2021,529,479,<15,7065,6784,כתום,7.1,32.36220995,35.03251314,Orange,66,68,0,679,673
זמר,1290,01/04/2021,594,570,<15,7976,7666,ירוק,3.8,32.36220995,35.03251314,Green,65,91,0,911,882
זמר,1290,01/05/2021,605,583,<15,8273,7958,ירוק,3.1,32.36220995,35.03251314,Green,11,13,0,297,292
זמר,1290,01/06/2021,607,587,<15,8511,8196,ירוק,2,32.36220995,35.03251314,Green,2,4,0,238,238
זמר,1290,01/07/2021,608,588,<15,8820,8502,ירוק,2,32.36220995,35.03251314,Green,1,1,0,309,306
זמר,1290,01/08/2021,611,588,<15,9985,9667,ירוק,2.3,32.36220995,35.03251314,Green,3,0,0,1165,1165
זמר,1290,01/09/2021,676,619,<15,11319,10998,אדום,8.5,32.36220995,35.03251314,Red,65,31,0,1334,1331
זמר,1290,01/10/2021,1036,947,<15,15713,15280,צהוב,5.4,32.36220995,35.03251314,Yellow,360,328,0,4394,4282
זמר,1290,01/11/2021,1055,1041,<15,17023,16560,ירוק,2.4,32.36220995,35.03251314,Green,19,94,0,1310,1280
זמר,1290,01/12/2021,1084,1051,<15,19336,18832,צהוב,4.8,32.36220995,35.03251314,Yellow,29,10,0,2313,2272
זמר,1290,01/01/2022,1091,1067,<15,21810,21274,ירוק,2.8,32.36220995,35.03251314,Green,7,16,0,2474,2442
זמר,1290,01/02/2022,2159,1886,<15,28343,27381,אדום,10,32.36220995,35.03251314,Red,1068,819,0,6533,6107
זמר,1290,01/03/2022,2638,2569,<15,31525,30276,כתום,6.3,32.36220995,35.03251314,Orange,479,683,0,3182,2895
זמר,1290,01/04/2022,2750,2721,<15,33695,32258,כתום,7,32.36220995,35.03251314,Orange,112,152,0,2170,1982
זמר,1290,01/05/2022,2771,2757,<15,34254,32766,ירוק,3.9,32.36220995,35.03251314,Green,21,36,0,559,508
זמר,1290,01/06/2022,2782,2775,<15,35221,33695,ירוק,3.9,32.36220995,35.03251314,Green,11,18,0,967,929
חיפה,4000,01/04/2020,98,<15,<15,1926,1878,,,32.8191218,34.9983856,,2782,2775,7.5,35221,33695
חיפה,4000,01/05/2020,166,104,<15,8810,8269,,,32.8191218,34.9983856,,68,96.5,0,6884,6391
חיפה,4000,01/06/2020,172,137,<15,15666,14982,,,32.8191218,34.9983856,,6,33,0,6856,6713
חיפה,4000,01/07/2020,314,162,<15,25706,24875,,,32.8191218,34.9983856,,142,25,0,10040,9893
חיפה,4000,01/08/2020,1136,659,<15,44347,42849,,,32.8191218,34.9983856,,822,497,0,18641,17974
חיפה,4000,01/09/2020,1895,1353,19,65102,63090,צהוב,5.8,32.8191218,34.9983856,Yellow,759,694,11.5,20755,20241
חיפה,4000,01/10/2020,4527,2933,61,102570,99602,כתום,6.9,32.8191218,34.9983856,Orange,2632,1580,42,37468,36512
חיפה,4000,01/11/2020,5578,5085,93,137672,133204,ירוק,3.2,32.8191218,34.9983856,Green,1051,2152,32,35102,33602
חיפה,4000,01/12/2020,6250,5590,105,176002,170958,ירוק,4.3,32.8191218,34.9983856,Green,672,505,12,38330,37754
חיפה,4000,01/01/2021,8788,7185,129,253059,247038,כתום,6.4,32.8191218,34.9983856,Orange,2538,1595,24,77057,76080
חיפה,4000,01/02/2021,13284,11599,197,334690,327335,צהוב,5.7,32.8191218,34.9983856,Yellow,4496,4414,68,81631,80297
חיפה,4000,01/03/2021,15545,14258,237,383929,375550,צהוב,5.8,32.8191218,34.9983856,Yellow,2261,2659,40,49239,48215
חיפה,4000,01/04/2021,16526,15934,249,435583,426408,ירוק,1.3,32.8191218,34.9983856,Green,981,1676,12,51654,50858
חיפה,4000,01/05/2021,16603,16147,254,463262,453828,ירוק,0.3,32.8191218,34.9983856,Green,77,213,5,27679,27420
חיפה,4000,01/06/2021,16626,16185,255,486066,476561,ירוק,0,32.8191218,34.9983856,Green,23,38,1,22804,22733
חיפה,4000,01/07/2021,16658,16207,255,505415,495876,ירוק,1.6,32.8191218,34.9983856,Green,32,22,0,19349,19315
חיפה,4000,01/08/2021,17453,16520,256,563817,554072,כתום,6.3,32.8191218,34.9983856,Orange,795,313,1,58402,58196
חיפה,4000,01/09/2021,23306,20085,282,683300,672542,אדום,7.6,32.8191218,34.9983856,Red,5853,3565,26,119483,118470
חיפה,4000,01/10/2021,27701,26346,307,794740,782125,ירוק,4.2,32.8191218,34.9983856,Green,4395,6261,25,111440,109583
חיפה,4000,01/11/2021,28341,27726,316,872674,858743,ירוק,1.9,32.8191218,34.9983856,Green,640,1380,9,77934,76618
חיפה,4000,01/12/2021,28573,27998,318,942708,927890,ירוק,2,32.8191218,34.9983856,Green,232,272,2,70034,69147
חיפה,4000,01/01/2022,29559,28413,318,1040691,1025212,כתום,6.2,32.8191218,34.9983856,Orange,986,415,0,97983,97322
חיפה,4000,01/02/2022,73076,61282,348,1357058,1330308,אדום,10,32.8191218,34.9983856,Red,43517,32869,30,316367,305096
חיפה,4000,01/03/2022,96339,93071,407,1473051,1438455,כתום,7.3,32.8191218,34.9983856,Orange,23263,31789,59,115993,108147
חיפה,4000,01/04/2022,106835,103441,426,1549304,1505610,אדום,9.5,32.8191218,34.9983856,Red,10496,10370,19,76253,67155
חיפה,4000,01/05/2022,113173,111753,435,1613786,1558951,צהוב,5.8,32.8191218,34.9983856,Yellow,6338,8312,9,64482,53341
חיפה,4000,01/06/2022,115970,114791,437,1656795,1598860,כתום,6.4,32.8191218,34.9983856,Orange,2797,3038,2,43009,39909
חריש,1247,01/04/2020,<15,0,0,147,146,,,32.29664,35.63143,,115970,114791,437,1656795,1598860
חריש,1247,01/05/2020,21,15,0,553,508,,,32.29664,35.63143,,13.5,15,0,406,362
חריש,1247,01/06/2020,22,18,0,882,830,,,32.29664,35.63143,,1,3,0,329,322
חריש,1247,01/07/2020,26,19,0,1757,1699,,,32.29664,35.63143,,4,1,0,875,869
חריש,1247,01/08/2020,82,50,0,3208,3116,,,32.29664,35.63143,,56,31,0,1451,1417
חריש,1247,01/09/2020,200,144,0,4541,4432,צהוב,4.5,32.29664,35.63143,Yellow,118,94,0,1333,1316
חריש,1247,01/10/2020,400,263,0,7015,6860,אדום,7.9,32.29664,35.63143,Red,200,119,0,2474,2428
חריש,1247,01/11/2020,528,501,0,9007,8775,ירוק,2,32.29664,35.63143,Green,128,238,0,1992,1915
חריש,1247,01/12/2020,539,520,0,11004,10749,ירוק,1.8,32.29664,35.63143,Green,11,19,0,1997,1974
חריש,1247,01/01/2021,653,594,0,15709,15419,צהוב,4.8,32.29664,35.63143,Yellow,114,74,0,4705,4670
חריש,1247,01/02/2021,988,849,<15,21694,21354,כתום,7,32.29664,35.63143,Orange,335,255,7.5,5985,5935
חריש,1247,01/03/2021,1423,1237,<15,26534,26121,כתום,6.9,32.29664,35.63143,Orange,435,388,0,4840,4767
חריש,1247,01/04/2021,1686,1639,<15,33428,32924,ירוק,1.3,32.29664,35.63143,Green,263,402,0,6894,6803
חריש,1247,01/05/2021,1698,1667,<15,35627,35094,ירוק,1.8,32.29664,35.63143,Green,12,28,0,2199,2170
חריש,1247,01/06/2021,1698,1669,<15,37217,36662,ירוק,2,32.29664,35.63143,Green,0,2,0,1590,1568
חריש,1247,01/07/2021,1704,1670,<15,38393,37837,ירוק,2.1,32.29664,35.63143,Green,6,1,0,1176,1175
חריש,1247,01/08/2021,1854,1741,<15,43419,42844,אדום,8.3,32.29664,35.63143,Red,150,71,0,5026,5007
חריש,1247,01/09/2021,2514,2189,<15,52532,51852,אדום,8.7,32.29664,35.63143,Red,660,448,0,9113,9008
חריש,1247,01/10/2021,3473,3238,<15,65235,64392,צהוב,5.7,32.29664,35.63143,Yellow,959,1049,0,12703,12540
חריש,1247,01/11/2021,3643,3570,<15,72935,71996,ירוק,3.5,32.29664,35.63143,Green,170,332,0,7700,7604
חריש,1247,01/12/2021,3782,3663,<15,80253,79189,כתום,6.7,32.29664,35.63143,Orange,139,93,0,7318,7193
חריש,1247,01/01/2022,3845,3766,<15,86803,85656,צהוב,5.7,32.29664,35.63143,Yellow,63,103,0,6550,6467
חריש,1247,01/02/2022,7860,6731,<15,114852,112710,אדום,10,32.29664,35.63143,Red,4015,2965,0,28049,27054
חריש,1247,01/03/2022,10288,10042,<15,122706,120102,אדום,9,32.29664,35.63143,Red,2428,3311,0,7854,7392
חריש,1247,01/04/2022,10966,10784,<15,125797,122814,אדום,10,32.29664,35.63143,Red,678,742,0,3091,2712
חריש,1247,01/05/2022,11337,11286,<15,128255,124876,כתום,6,32.29664,35.63143,Orange,371,502,0,2458,2062
חריש,1247,01/06/2022,11479,11453,<15,129755,126281,ירוק,4,32.29664,35.63143,Green,142,167,0,1500,1405
טירת כרמל,2100,01/04/2020,17,0,0,213,201,,,32.7613834,34.9715506,,11479,11453,7.5,129755,126281
טירת כרמל,2100,01/05/2020,20,<15,0,623,555,,,32.7613834,34.9715506,,3,7.5,0,410,354
טירת כרמל,2100,01/06/2020,20,17,0,949,870,,,32.7613834,34.9715506,,0,9.5,0,326,315
טירת כרמל,2100,01/07/2020,25,17,0,1524,1445,,,32.7613834,34.9715506,,5,0,0,575,575
טירת כרמל,2100,01/08/2020,77,43,0,2998,2858,,,32.7613834,34.9715506,,52,26,0,1474,1413
טירת כרמל,2100,01/09/2020,138,91,0,3993,3828,ירוק,3.8,32.7613834,34.9715506,Green,61,48,0,995,970
טירת כרמל,2100,01/10/2020,341,205,<15,6492,6283,כתום,6.5,32.7613834,34.9715506,Orange,203,114,7.5,2499,2455
טירת כרמל,2100,01/11/2020,415,378,<15,8632,8296,ירוק,1.9,32.7613834,34.9715506,Green,74,173,0,2140,2013
טירת כרמל,2100,01/12/2020,444,389,<15,10694,10336,ירוק,3.9,32.7613834,34.9715506,Green,29,11,0,2062,2040
טירת כרמל,2100,01/01/2021,614,498,<15,15826,15419,כתום,6.5,32.7613834,34.9715506,Orange,170,109,0,5132,5083
טירת כרמל,2100,01/02/2021,1050,891,<15,23500,22998,כתום,6.7,32.7613834,34.9715506,Orange,436,393,0,7674,7579
טירת כרמל,2100,01/03/2021,1325,1212,<15,28172,27599,כתום,6.1,32.7613834,34.9715506,Orange,275,321,0,4672,4601
טירת כרמל,2100,01/04/2021,1424,1382,<15,32499,31854,ירוק,2.3,32.7613834,34.9715506,Green,99,170,0,4327,4255
טירת כרמל,2100,01/05/2021,1433,1397,15,34308,33647,ירוק,2.1,32.7613834,34.9715506,Green,9,15,7.5,1809,1793
טירת כרמל,2100,01/06/2021,1433,1399,15,35990,35323,ירוק,2,32.7613834,34.9715506,Green,0,2,0,1682,1676
טירת כרמל,2100,01/07/2021,1435,1404,15,37086,36419,ירוק,1.9,32.7613834,34.9715506,Green,2,5,0,1096,1096
טירת כרמל,2100,01/08/2021,1499,1439,15,40674,39992,ירוק,4.3,32.7613834,34.9715506,Green,64,35,0,3588,3573
טירת כרמל,2100,01/09/2021,2129,1753,15,49788,49032,אדום,8.3,32.7613834,34.9715506,Red,630,314,0,9114,9040
טירת כרמל,2100,01/10/2021,2954,2801,20,62087,61111,צהוב,4.7,32.7613834,34.9715506,Yellow,825,1048,5,12299,12079
טירת כרמל,2100,01/11/2021,3034,2993,21,68230,67143,ירוק,1.6,32.7613834,34.9715506,Green,80,192,1,6143,6032
טירת כרמל,2100,01/12/2021,3037,3002,21,72766,71576,ירוק,2,32.7613834,34.9715506,Green,3,9,0,4536,4433
טירת כרמל,2100,01/01/2022,3079,3013,21,79674,78431,ירוק,4.3,32.7613834,34.9715506,Green,42,11,0,6908,6855
טירת כרמל,2100,01/02/2022,8231,6945,26,118543,115467,אדום,10,32.7613834,34.9715506,Red,5152,3932,5,38869,37036
טירת כרמל,2100,01/03/2022,10642,10321,32,129423,125507,אדום,8,32.7613834,34.9715506,Red,2411,3376,6,10880,10040
טירת כרמל,2100,01/04/2022,11540,11261,36,134555,129920,אדום,9.4,32.7613834,34.9715506,Red,898,940,4,5132,4413
טירת כרמל,2100,01/05/2022,12037,11925,36,138426,133099,כתום,6.5,32.7613834,34.9715506,Orange,497,664,0,3871,3179
טירת כרמל,2100,01/06/2022,12231,12122,37,140776,135292,אדום,7.7,32.7613834,34.9715506,Red,194,197,1,2350,2193
טמרה,8900,01/04/2020,15,0,0,251,248,,,32.8534876,35.1978748,,12231,12122,37,140776,135292
טמרה,8900,01/05/2020,21,<15,<15,1266,1195,,,32.8534876,35.1978748,,6,7.5,7.5,1015,947
טמרה,8900,01/06/2020,22,15,<15,1730,1636,,,32.8534876,35.1978748,,1,7.5,0,464,441
טמרה,8900,01/07/2020,29,15,<15,2227,2130,,,32.8534876,35.1978748,,7,0,0,497,494
טמרה,8900,01/08/2020,74,47,<15,4318,4161,,,32.8534876,35.1978748,,45,32,0,2091,2031
טמרה,8900,01/09/2020,172,103,<15,6784,6569,צהוב,5.9,32.8534876,35.1978748,Yellow,98,56,0,2466,2408
טמרה,8900,01/10/2020,925,558,<15,13293,12846,כתום,7.3,32.8534876,35.1978748,Orange,753,455,0,6509,6277
טמרה,8900,01/11/2020,1180,1076,<15,17162,16360,ירוק,3.5,32.8534876,35.1978748,Green,255,518,0,3869,3514
טמרה,8900,01/12/2020,1246,1141,<15,19980,19086,צהוב,5.4,32.8534876,35.1978748,Yellow,66,65,0,2818,2726
טמרה,8900,01/01/2021,2378,1899,18,29768,28650,אדום,8.3,32.8534876,35.1978748,Red,1132,758,10.5,9788,9564
טמרה,8900,01/02/2021,3437,3165,30,37163,35888,כתום,6.2,32.8534876,35.1978748,Orange,1059,1266,12,7395,7238
טמרה,8900,01/03/2021,3718,3551,40,40142,38790,צהוב,5.5,32.8534876,35.1978748,Yellow,281,386,10,2979,2902
טמרה,8900,01/04/2021,3855,3757,41,43583,42153,ירוק,1.4,32.8534876,35.1978748,Green,137,206,1,3441,3363
טמרה,8900,01/05/2021,3893,3809,41,45400,43943,ירוק,1.7,32.8534876,35.1978748,Green,38,52,0,1817,1790
טמרה,8900,01/06/2021,3893,3813,41,46798,45332,ירוק,2,32.8534876,35.1978748,Green,0,4,0,1398,1389
טמרה,8900,01/07/2021,3893,3818,41,47962,46495,ירוק,2,32.8534876,35.1978748,Green,0,5,0,1164,1163
טמרה,8900,01/08/2021,3935,3828,41,53244,51772,צהוב,4.7,32.8534876,35.1978748,Yellow,42,10,0,5282,5277
טמרה,8900,01/09/2021,4401,4031,45,61288,59762,אדום,8.1,32.8534876,35.1978748,Red,466,203,4,8044,7990
טמרה,8900,01/10/2021,5753,5310,45,78101,76303,צהוב,5.9,32.8534876,35.1978748,Yellow,1352,1279,0,16813,16541
טמרה,8900,01/11/2021,6022,5891,45,92011,89729,צהוב,4.7,32.8534876,35.1978748,Yellow,269,581,0,13910,13426
טמרה,8900,01/12/2021,6044,5960,45,102834,100379,ירוק,1.6,32.8534876,35.1978748,Green,22,69,0,10823,10650
טמרה,8900,01/01/2022,6098,5983,45,113312,110774,צהוב,5.7,32.8534876,35.1978748,Yellow,54,23,0,10478,10395
טמרה,8900,01/02/2022,13114,11498,47,146084,141592,אדום,10,32.8534876,35.1978748,Red,7016,5515,2,32772,30818
טמרה,8900,01/03/2022,14229,14036,50,155405,150095,ירוק,3.2,32.8534876,35.1978748,Green,1115,2538,3,9321,8503
טמרה,8900,01/04/2022,14338,14248,50,165045,158716,צהוב,5.1,32.8534876,35.1978748,Yellow,109,212,0,9640,8621
טמרה,8900,01/05/2022,14390,14326,50,167960,161248,ירוק,3.6,32.8534876,35.1978748,Green,52,78,0,2915,2532
טמרה,8900,01/06/2022,14449,14379,50,176039,169205,ירוק,3.8,32.8534876,35.1978748,Green,59,53,0,8079,7957
יהוד,9400,01/04/2020,59,<15,<15,439,400,,,32.0782531,34.8838696,,14449,14379,50,176039,169205
יהוד,9400,01/05/2020,76,55,<15,1462,1191,,,32.0782531,34.8838696,,17,47.5,0,1023,791
יהוד,9400,01/06/2020,77,66,<15,1950,1633,,,32.0782531,34.8838696,,1,11,0,488,442
יהוד,9400,01/07/2020,87,68,<15,3089,2753,,,32.0782531,34.8838696,,10,2,0,1139,1120
יהוד,9400,01/08/2020,206,153,<15,5359,4923,,,32.0782531,34.8838696,,119,85,0,2270,2170
יהוד,9400,01/09/2020,297,241,<15,7276,6775,צהוב,5,32.0782531,34.8838696,Yellow,91,88,0,1917,1852
יהוד,9400,01/10/2020,686,424,<15,11202,10632,אדום,8.1,32.0782531,34.8838696,Red,389,183,0,3926,3857
יהוד,9400,01/11/2020,820,756,<15,14681,13954,ירוק,2.7,32.0782531,34.8838696,Green,134,332,0,3479,3322
יהוד,9400,01/12/2020,869,804,<15,18870,18096,ירוק,3,32.0782531,34.8838696,Green,49,48,0,4189,4142
יהוד,9400,01/01/2021,1018,911,<15,26141,25312,כתום,6.2,32.0782531,34.8838696,Orange,149,107,0,7271,7216
יהוד,9400,01/02/2021,1564,1328,<15,36184,35275,כתום,6.4,32.0782531,34.8838696,Orange,546,417,0,10043,9963
יהוד,9400,01/03/2021,1866,1757,15,42995,41983,ירוק,4.1,32.0782531,34.8838696,Green,302,429,7.5,6811,6708
יהוד,9400,01/04/2021,1952,1901,15,48414,47321,ירוק,2.1,32.0782531,34.8838696,Green,86,144,0,5419,5338
יהוד,9400,01/05/2021,1960,1921,16,51572,50442,ירוק,1.7,32.0782531,34.8838696,Green,8,20,1,3158,3121
יהוד,9400,01/06/2021,1960,1925,16,54094,52946,ירוק,2,32.0782531,34.8838696,Green,0,4,0,2522,2504
יהוד,9400,01/07/2021,1970,1925,16,56594,55443,ירוק,2.5,32.0782531,34.8838696,Green,10,0,0,2500,2497
יהוד,9400,01/08/2021,2218,2103,16,68740,67514,צהוב,5.6,32.0782531,34.8838696,Yellow,248,178,0,12146,12071
יהוד,9400,01/09/2021,2911,2560,17,84686,83309,כתום,7.3,32.0782531,34.8838696,Orange,693,457,1,15946,15795
יהוד,9400,01/10/2021,3586,3449,20,100312,98641,ירוק,3.7,32.0782531,34.8838696,Green,675,889,3,15626,15332
יהוד,9400,01/11/2021,3723,3667,22,110683,108837,ירוק,0.9,32.0782531,34.8838696,Green,137,218,2,10371,10196
יהוד,9400,01/12/2021,3746,3694,22,118251,116288,ירוק,2.4,32.0782531,34.8838696,Green,23,27,0,7568,7451
יהוד,9400,01/01/2022,3888,3726,22,130537,128520,כתום,7.1,32.0782531,34.8838696,Orange,142,32,0,12286,12232
יהוד,9400,01/02/2022,10184,8863,23,179239,174964,אדום,10,32.0782531,34.8838696,Red,6296,5137,1,48702,46444
יהוד,9400,01/03/2022,12617,12286,26,192831,187525,אדום,8.1,32.0782531,34.8838696,Red,2433,3423,3,13592,12561
יהוד,9400,01/04/2022,13995,13595,26,202254,195598,אדום,9.7,32.0782531,34.8838696,Red,1378,1309,0,9423,8073
יהוד,9400,01/05/2022,14711,14591,26,209923,201924,כתום,6,32.0782531,34.8838696,Orange,716,996,0,7669,6326
יהוד,9400,01/06/2022,15019,14919,26,214778,206399,כתום,6.3,32.0782531,34.8838696,Orange,308,328,0,4855,4475
ירושלים,3000,01/04/2020,931,15,<15,8138,7851,,,31.79592425,35.21198076,,15019,14919,26,214778,206399
ירושלים,3000,01/05/2020,3486,1611,52,50525,42039,,,31.79592425,35.21198076,,2555,1596,44.5,42387,34188
ירושלים,3000,01/06/2020,3837,3196,62,74470,61435,,,31.79592425,35.21198076,,351,1585,10,23945,19396
ירושלים,3000,01/07/2020,4866,3632,70,122730,107865,,,31.79592425,35.21198076,,1029,436,8,48260,46430
ירושלים,3000,01/08/2020,12013,7894,102,203177,183007,,,31.79592425,35.21198076,,7147,4262,32,80447,75142
ירושלים,3000,01/09/2020,18955,15410,149,280404,256456,צהוב,5.9,31.79592425,35.21198076,Yellow,6942,7516,47,77227,73449
ירושלים,3000,01/10/2020,35446,26282,204,395041,366845,אדום,8.8,31.79592425,35.21198076,Red,16491,10872,55,114637,110389
ירושלים,3000,01/11/2020,43969,41146,287,498486,465961,ירוק,3.7,31.79592425,35.21198076,Green,8523,14864,83,103445,99116
ירושלים,3000,01/12/2020,47251,44325,335,595787,561294,צהוב,5.2,31.79592425,35.21198076,Yellow,3282,3179,48,97301,95333
ירושלים,3000,01/01/2021,65154,54367,448,816923,779243,אדום,8.1,31.79592425,35.21198076,Red,17903,10042,113,221136,217949
ירושלים,3000,01/02/2021,107085,93671,700,1110003,1067324,אדום,7.8,31.79592425,35.21198076,Red,41931,39304,252,293080,288081
ירושלים,3000,01/03/2021,122645,115283,845,1247270,1200930,כתום,7.2,31.79592425,35.21198076,Orange,15560,21612,145,137267,133606
ירושלים,3000,01/04/2021,129292,126129,903,1393597,1343160,ירוק,2,31.79592425,35.21198076,Green,6647,10846,58,146327,142230
ירושלים,3000,01/05/2021,129878,127509,926,1471487,1418817,ירוק,2.4,31.79592425,35.21198076,Green,586,1380,23,77890,75657
ירושלים,3000,01/06/2021,129990,127797,932,1523655,1470576,ירוק,0.4,31.79592425,35.21198076,Green,112,288,6,52168,51759
ירושלים,3000,01/07/2021,130072,127941,934,1583577,1530144,ירוק,0.9,31.79592425,35.21198076,Green,82,144,2,59922,59568
ירושלים,3000,01/08/2021,130926,128411,936,1718767,1665074,ירוק,3.9,31.79592425,35.21198076,Green,854,470,2,135190,134930
ירושלים,3000,01/09/2021,140431,133471,951,1971125,1915979,כתום,6.8,31.79592425,35.21198076,Orange,9505,5060,15,252358,250905
ירושלים,3000,01/10/2021,153845,148389,982,2214075,2156036,צהוב,5.1,31.79592425,35.21198076,Yellow,13414,14918,31,242950,240057
ירושלים,3000,01/11/2021,158672,155542,996,2468008,2406510,ירוק,3.6,31.79592425,35.21198076,Green,4827,7153,14,253933,250474
ירושלים,3000,01/12/2021,161329,158120,1008,2727538,2661872,צהוב,4.8,31.79592425,35.21198076,Yellow,2657,2578,12,259530,255362
ירושלים,3000,01/01/2022,168547,162369,1013,3047938,2978953,כתום,6.7,31.79592425,35.21198076,Orange,7218,4249,5,320400,317081
ירושלים,3000,01/02/2022,300252,272629,1116,3746315,3650357,אדום,10,31.79592425,35.21198076,Red,131705,110260,103,698377,671404
ירושלים,3000,01/03/2022,331671,326470,1214,3976401,3861736,צהוב,5.2,31.79592425,35.21198076,Yellow,31419,53841,98,230086,211379
ירושלים,3000,01/04/2022,343028,338158,1233,4145625,4011121,אדום,7.6,31.79592425,35.21198076,Red,11357,11688,19,169224,149385
ירושלים,3000,01/05/2022,350315,347664,1236,4283180,4133171,צהוב,4.8,31.79592425,35.21198076,Yellow,7287,9506,3,137555,122050
ירושלים,3000,01/06/2022,354453,352030,1239,4411324,4257601,צהוב,5,31.79592425,35.21198076,Yellow,4138,4366,3,128144,124430
כפר ברא,633,01/04/2020,0,0,0,17,17,,,32.1310918,34.9703305,,354453,352030,1239,4411324,4257601
כפר ברא,633,01/05/2020,<15,0,0,139,135,,,32.1310918,34.9703305,,7.5,0,0,122,118
כפר ברא,633,01/06/2020,<15,<15,0,196,166,,,32.1310918,34.9703305,,0,7.5,0,57,31
כפר ברא,633,01/07/2020,<15,<15,0,431,397,,,32.1310918,34.9703305,,0,0,0,235,231
כפר ברא,633,01/08/2020,23,19,0,756,688,,,32.1310918,34.9703305,,15.5,11.5,0,325,291
כפר ברא,633,01/09/2020,154,91,0,1552,1452,אדום,8.1,32.1310918,34.9703305,Red,131,72,0,796,764
כפר ברא,633,01/10/2020,227,197,0,2148,1996,כתום,6.5,32.1310918,34.9703305,Orange,73,106,0,596,544
כפר ברא,633,01/11/2020,235,223,0,2411,2233,ירוק,3.8,32.1310918,34.9703305,Green,8,26,0,263,237
כפר ברא,633,01/12/2020,248,235,0,2763,2562,ירוק,3.9,32.1310918,34.9703305,Green,13,12,0,352,329
כפר ברא,633,01/01/2021,270,250,0,3253,3047,צהוב,5.5,32.1310918,34.9703305,Yellow,22,15,0,490,485
כפר ברא,633,01/02/2021,331,309,0,3751,3537,צהוב,5.1,32.1310918,34.9703305,Yellow,61,59,0,498,490
כפר ברא,633,01/03/2021,369,344,0,4132,3898,אדום,8.5,32.1310918,34.9703305,Red,38,35,0,381,361
כפר ברא,633,01/04/2021,388,382,0,4489,4244,ירוק,4.1,32.1310918,34.9703305,Green,19,38,0,357,346
כפר ברא,633,01/05/2021,388,384,0,4671,4422,ירוק,2,32.1310918,34.9703305,Green,0,2,0,182,178
כפר ברא,633,01/06/2021,388,385,0,4984,4735,ירוק,2,32.1310918,34.9703305,Green,0,1,0,313,313
כפר ברא,633,01/07/2021,388,385,0,5203,4954,ירוק,2,32.1310918,34.9703305,Green,0,0,0,219,219
כפר ברא,633,01/08/2021,412,388,0,6012,5762,אדום,7.7,32.1310918,34.9703305,Red,24,3,0,809,808
כפר ברא,633,01/09/2021,452,433,0,7074,6816,צהוב,5,32.1310918,34.9703305,Yellow,40,45,0,1062,1054
כפר ברא,633,01/10/2021,627,579,0,9329,9013,כתום,7,32.1310918,34.9703305,Orange,175,146,0,2255,2197
כפר ברא,633,01/11/2021,668,653,0,11349,10977,צהוב,4.8,32.1310918,34.9703305,Yellow,41,74,0,2020,1964
כפר ברא,633,01/12/2021,674,665,0,13051,12644,ירוק,2.9,32.1310918,34.9703305,Green,6,12,0,1702,1667
כפר ברא,633,01/01/2022,677,670,0,14216,13801,ירוק,3.5,32.1310918,34.9703305,Green,3,5,0,1165,1157
כפר ברא,633,01/02/2022,1265,1113,0,18975,18318,אדום,10,32.1310918,34.9703305,Red,588,443,0,4759,4517
כפר ברא,633,01/03/2022,1536,1506,0,20937,20149,צהוב,4.8,32.1310918,34.9703305,Yellow,271,393,0,1962,1831
כפר ברא,633,01/04/2022,1562,1557,0,22267,21279,ירוק,4,32.1310918,34.9703305,Green,26,51,0,1330,1130
כפר ברא,633,01/05/2022,1575,1570,0,22522,21519,צהוב,4.7,32.1310918,34.9703305,Yellow,13,13,0,255,240
כפר ברא,633,01/06/2022,1579,1579,0,24175,23079,ירוק,2,32.1310918,34.9703305,Green,4,9,0,1653,1560
כפר סבא,6900,01/04/2020,54,<15,0,799,765,,,32.1773471,34.907459,,1579,1579,0,24175,23079
כפר סבא,6900,01/05/2020,83,48,<15,3514,3224,,,32.1773471,34.907459,,29,40.5,7.5,2715,2459
כפר סבא,6900,01/06/2020,87,59,<15,6145,5789,,,32.1773471,34.907459,,4,11,0,2631,2565
כפר סבא,6900,01/07/2020,141,66,<15,11781,11390,,,32.1773471,34.907459,,54,7,0,5636,5601
כפר סבא,6900,01/08/2020,393,246,<15,20414,19690,,,32.1773471,34.907459,,252,180,0,8633,8300
כפר סבא,6900,01/09/2020,621,443,<15,29334,28458,ירוק,4.2,32.1773471,34.907459,Green,228,197,0,8920,8768
כפר סבא,6900,01/10/2020,1374,856,20,44103,42944,כתום,6.5,32.1773471,34.907459,Orange,753,413,12.5,14769,14486
כפר סבא,6900,01/11/2020,1669,1507,30,55897,54284,ירוק,1.3,32.1773471,34.907459,Green,295,651,10,11794,11340
כפר סבא,6900,01/12/2020,1753,1618,32,70419,68667,ירוק,2.5,32.1773471,34.907459,Green,84,111,2,14522,14383
כפר סבא,6900,01/01/2021,2241,1904,35,98016,96083,צהוב,5.8,32.1773471,34.907459,Yellow,488,286,3,27597,27416
כפר סבא,6900,01/02/2021,3276,2827,42,130180,127866,צהוב,5.3,32.1773471,34.907459,Yellow,1035,923,7,32164,31783
כפר סבא,6900,01/03/2021,3900,3598,49,149550,146993,צהוב,4.6,32.1773471,34.907459,Yellow,624,771,7,19370,19127
כפר סבא,6900,01/04/2021,4160,4024,51,171946,169191,ירוק,2.5,32.1773471,34.907459,Green,260,426,2,22396,22198
כפר סבא,6900,01/05/2021,4188,4081,52,185227,182369,ירוק,0.2,32.1773471,34.907459,Green,28,57,1,13281,13178
כפר סבא,6900,01/06/2021,4199,4093,53,196549,193646,ירוק,1,32.1773471,34.907459,Green,11,12,1,11322,11277
כפר סבא,6900,01/07/2021,4390,4108,53,212224,209271,אדום,8.9,32.1773471,34.907459,Red,191,15,0,15675,15625
כפר סבא,6900,01/08/2021,4981,4595,57,249314,246172,צהוב,5.7,32.1773471,34.907459,Yellow,591,487,4,37090,36901
כפר סבא,6900,01/09/2021,6947,6068,62,312129,308479,כתום,6.6,32.1773471,34.907459,Orange,1966,1473,5,62815,62307
כפר סבא,6900,01/10/2021,8221,7839,68,362351,358039,ירוק,3.9,32.1773471,34.907459,Green,1274,1771,6,50222,49560
כפר סבא,6900,01/11/2021,8406,8241,68,393246,388496,ירוק,2.1,32.1773471,34.907459,Green,185,402,0,30895,30457
כפר סבא,6900,01/12/2021,8439,8300,68,418301,413268,ירוק,0.9,32.1773471,34.907459,Green,33,59,0,25055,24772
כפר סבא,6900,01/01/2022,8851,8384,69,457167,451976,כתום,7.4,32.1773471,34.907459,Orange,412,84,1,38866,38708
כפר סבא,6900,01/02/2022,27250,22460,81,609413,599005,אדום,10,32.1773471,34.907459,Red,18399,14076,12,152246,147029
כפר סבא,6900,01/03/2022,37363,35890,88,659951,646350,אדום,8.1,32.1773471,34.907459,Red,10113,13430,7,50538,47345
כפר סבא,6900,01/04/2022,43201,41590,88,697167,679064,אדום,9.9,32.1773471,34.907459,Red,5838,5700,0,37216,32714
כפר סבא,6900,01/05/2022,46067,45634,90,728772,704908,כתום,6.1,32.1773471,34.907459,Orange,2866,4044,2,31605,25844
כפר סבא,6900,01/06/2022,47478,47007,93,749924,724395,כתום,7,32.1773471,34.907459,Orange,1411,1373,3,21152,19487
מבוא חורון,3709,01/04/2020,0,0,0,26,26,,,31.85034025,35.03570603,,47478,47007,93,749924,724395
מבוא חורון,3709,01/05/2020,0,0,0,59,59,,,31.85034025,35.03570603,,0,0,0,33,33
מבוא חורון,3709,01/06/2020,0,0,0,89,89,,,31.85034025,35.03570603,,0,0,0,30,30
מבוא חורון,3709,01/07/2020,<15,0,0,229,228,,,31.85034025,35.03570603,,7.5,0,0,140,139
מבוא חורון,3709,01/08/2020,26,<15,0,437,418,,,31.85034025,35.03570603,,18.5,7.5,0,208,190
מבוא חורון,3709,01/09/2020,36,28,0,534,515,ירוק,4.2,31.85034025,35.03570603,Green,10,20.5,0,97,97
מבוא חורון,3709,01/10/2020,106,53,0,852,833,אדום,10,31.85034025,35.03570603,Red,70,25,0,318,318
מבוא חורון,3709,01/11/2020,124,122,0,1116,1091,ירוק,2.2,31.85034025,35.03570603,Green,18,69,0,264,258
מבוא חורון,3709,01/12/2020,126,124,0,1552,1525,ירוק,2,31.85034025,35.03570603,Green,2,2,0,436,434
מבוא חורון,3709,01/01/2021,148,126,0,2516,2489,כתום,6.2,31.85034025,35.03570603,Orange,22,2,0,964,964
מבוא חורון,3709,01/02/2021,256,212,0,4222,4187,אדום,9.1,31.85034025,35.03570603,Red,108,86,0,1706,1698
מבוא חורון,3709,01/03/2021,293,284,<15,5052,5015,ירוק,4,31.85034025,35.03570603,Green,37,72,7.5,830,828
מבוא חורון,3709,01/04/2021,303,293,<15,5761,5721,ירוק,3,31.85034025,35.03570603,Green,10,9,0,709,706
מבוא חורון,3709,01/05/2021,303,294,<15,6155,6112,ירוק,2,31.85034025,35.03570603,Green,0,1,0,394,391
מבוא חורון,3709,01/06/2021,303,294,<15,6350,6307,ירוק,2,31.85034025,35.03570603,Green,0,0,0,195,195
מבוא חורון,3709,01/07/2021,304,295,<15,6429,6386,ירוק,2,31.85034025,35.03570603,Green,1,1,0,79,79
מבוא חורון,3709,01/08/2021,312,304,<15,7045,6999,ירוק,2,31.85034025,35.03570603,Green,8,9,0,616,613
מבוא חורון,3709,01/09/2021,448,376,<15,8607,8554,אדום,9.3,31.85034025,35.03570603,Red,136,72,0,1562,1555
מבוא חורון,3709,01/10/2021,588,564,<15,10357,10275,כתום,6.2,31.85034025,35.03570603,Orange,140,188,0,1750,1721
מבוא חורון,3709,01/11/2021,644,606,<15,11768,11670,אדום,7.7,31.85034025,35.03570603,Red,56,42,0,1411,1395
מבוא חורון,3709,01/12/2021,652,645,<15,12623,12513,ירוק,2,31.85034025,35.03570603,Green,8,39,0,855,843
מבוא חורון,3709,01/01/2022,680,646,<15,13524,13397,צהוב,5.6,31.85034025,35.03570603,Yellow,28,1,0,901,884
מבוא חורון,3709,01/02/2022,1395,1234,<15,18138,17801,אדום,10,31.85034025,35.03570603,Red,715,588,0,4614,4404
מבוא חורון,3709,01/03/2022,1660,1635,<15,18953,18583,כתום,6.6,31.85034025,35.03570603,Orange,265,401,0,815,782
מבוא חורון,3709,01/04/2022,1725,1708,<15,19198,18779,אדום,10,31.85034025,35.03570603,Red,65,73,0,245,196
מבוא חורון,3709,01/05/2022,1746,1743,<15,19333,18888,ירוק,4.5,31.85034025,35.03570603,Green,21,35,0,135,109
מבוא חורון,3709,01/06/2022,1764,1750,<15,19413,18966,צהוב,4.9,31.85034025,35.03570603,Yellow,18,7,0,80,78
מזכרת בתיה,28,01/04/2020,<15,0,0,231,231,,,31.8514378,34.8411635,,1764,1750,7.5,19413,18966
מזכרת בתיה,28,01/05/2020,<15,<15,0,554,509,,,31.8514378,34.8411635,,0,7.5,0,323,278
מזכרת בתיה,28,01/06/2020,15,<15,0,889,835,,,31.8514378,34.8411635,,7.5,0,0,335,326
מזכרת בתיה,28,01/07/2020,30,<15,0,2106,2022,,,31.8514378,34.8411635,,15,0,0,1217,1187
מזכרת בתיה,28,01/08/2020,114,71,<15,3436,3275,,,31.8514378,34.8411635,,84,63.5,7.5,1330,1253
מזכרת בתיה,28,01/09/2020,135,110,<15,4192,3987,ירוק,3.5,31.8514378,34.8411635,Green,21,39,0,756,712
מזכרת בתיה,28,01/10/2020,280,178,<15,6161,5900,כתום,7.2,31.8514378,34.8411635,Orange,145,68,0,1969,1913
מזכרת בתיה,28,01/11/2020,321,302,<15,7677,7366,ירוק,2.5,31.8514378,34.8411635,Green,41,124,0,1516,1466
מזכרת בתיה,28,01/12/2020,327,307,<15,9985,9637,ירוק,2.1,31.8514378,34.8411635,Green,6,5,0,2308,2271
מזכרת בתיה,28,01/01/2021,408,356,<15,14825,14452,צהוב,5.3,31.8514378,34.8411635,Yellow,81,49,0,4840,4815
מזכרת בתיה,28,01/02/2021,586,498,<15,19358,18951,כתום,6.2,31.8514378,34.8411635,Orange,178,142,0,4533,4499
מזכרת בתיה,28,01/03/2021,725,694,<15,22823,22379,ירוק,2.7,31.8514378,34.8411635,Green,139,196,0,3465,3428
מזכרת בתיה,28,01/04/2021,756,732,<15,26035,25577,ירוק,3,31.8514378,34.8411635,Green,31,38,0,3212,3198
מזכרת בתיה,28,01/05/2021,759,737,<15,27871,27406,ירוק,1.8,31.8514378,34.8411635,Green,3,5,0,1836,1829
מזכרת בתיה,28,01/06/2021,760,739,<15,29222,28754,ירוק,2,31.8514378,34.8411635,Green,1,2,0,1351,1348
מזכרת בתיה,28,01/07/2021,767,742,<15,30714,30241,ירוק,2.3,31.8514378,34.8411635,Green,7,3,0,1492,1487
מזכרת בתיה,28,01/08/2021,841,766,<15,35753,35265,כתום,7.2,31.8514378,34.8411635,Orange,74,24,0,5039,5024
מזכרת בתיה,28,01/09/2021,1267,1108,<15,45865,45307,כתום,6.6,31.8514378,34.8411635,Orange,426,342,0,10112,10042
מזכרת בתיה,28,01/10/2021,1533,1475,<15,54328,53641,ירוק,3.4,31.8514378,34.8411635,Green,266,367,0,8463,8334
מזכרת בתיה,28,01/11/2021,1540,1521,<15,58725,57929,ירוק,1.9,31.8514378,34.8411635,Green,7,46,0,4397,4288
מזכרת בתיה,28,01/12/2021,1548,1527,<15,63087,62241,ירוק,2.6,31.8514378,34.8411635,Green,8,6,0,4362,4312
מזכרת בתיה,28,01/01/2022,1597,1542,<15,70251,69373,כתום,6.1,31.8514378,34.8411635,Orange,49,15,0,7164,7132
מזכרת בתיה,28,01/02/2022,5013,4140,<15,99608,96993,אדום,10,31.8514378,34.8411635,Red,3416,2598,0,29357,27620
מזכרת בתיה,28,01/03/2022,6895,6671,<15,108337,105103,אדום,8.9,31.8514378,34.8411635,Red,1882,2531,0,8729,8110
מזכרת בתיה,28,01/04/2022,7767,7586,<15,113385,109320,אדום,9.8,31.8514378,34.8411635,Red,872,915,0,5048,4217
מזכרת בתיה,28,01/05/2022,8151,8098,<15,117019,112146,כתום,6.6,31.8514378,34.8411635,Orange,384,512,0,3634,2826
מזכרת בתיה,28,01/06/2022,8315,8267,<15,118797,113727,אדום,8,31.8514378,34.8411635,Red,164,169,0,1778,1581
נווה דניאל,3725,01/04/2020,<15,<15,0,77,70,,,31.6761931,35.1428321,,8315,8267,7.5,118797,113727
נווה דניאל,3725,01/05/2020,16,<15,0,200,140,,,31.6761931,35.1428321,,8.5,0,0,123,70
נווה דניאל,3725,01/06/2020,16,<15,0,269,191,,,31.6761931,35.1428321,,0,0,0,69,51
נווה דניאל,3725,01/07/2020,16,<15,0,350,271,,,31.6761931,35.1428321,,0,0,0,81,80
נווה דניאל,3725,01/08/2020,23,16,0,467,385,,,31.6761931,35.1428321,,7,8.5,0,117,114
נווה דניאל,3725,01/09/2020,23,21,0,562,479,ירוק,2,31.6761931,35.1428321,Green,0,5,0,95,94
נווה דניאל,3725,01/10/2020,38,30,0,815,730,צהוב,5.1,31.6761931,35.1428321,Yellow,15,9,0,253,251
נווה דניאל,3725,01/11/2020,61,59,0,1233,1138,ירוק,2.1,31.6761931,35.1428321,Green,23,29,0,418,408
נווה דניאל,3725,01/12/2020,70,62,0,1831,1732,ירוק,3.8,31.6761931,35.1428321,Green,9,3,0,598,594
נווה דניאל,3725,01/01/2021,121,101,0,3725,3625,כתום,6.5,31.6761931,35.1428321,Orange,51,39,0,1894,1893
נווה דניאל,3725,01/02/2021,258,223,0,5856,5745,כתום,7.1,31.6761931,35.1428321,Orange,137,122,0,2131,2120
נווה דניאל,3725,01/03/2021,282,275,0,6791,6678,ירוק,4.5,31.6761931,35.1428321,Green,24,52,0,935,933
נווה דניאל,3725,01/04/2021,300,289,0,7686,7558,צהוב,5.8,31.6761931,35.1428321,Yellow,18,14,0,895,880
נווה דניאל,3725,01/05/2021,301,297,0,8134,8000,ירוק,2,31.6761931,35.1428321,Green,1,8,0,448,442
נווה דניאל,3725,01/06/2021,303,297,0,8377,8243,ירוק,3.8,31.6761931,35.1428321,Green,2,0,0,243,243
נווה דניאל,3725,01/07/2021,303,298,0,8648,8514,ירוק,2,31.6761931,35.1428321,Green,0,1,0,271,271
נווה דניאל,3725,01/08/2021,306,302,0,9310,9176,ירוק,2.4,31.6761931,35.1428321,Green,3,4,0,662,662
נווה דניאל,3725,01/09/2021,353,327,0,10957,10823,כתום,6.6,31.6761931,35.1428321,Orange,47,25,0,1647,1647
נווה דניאל,3725,01/10/2021,403,395,0,12296,12152,ירוק,4.3,31.6761931,35.1428321,Green,50,68,0,1339,1329
נווה דניאל,3725,01/11/2021,433,423,0,13274,13121,צהוב,5.6,31.6761931,35.1428321,Yellow,30,28,0,978,969
נווה דניאל,3725,01/12/2021,445,440,0,14149,13982,ירוק,2,31.6761931,35.1428321,Green,12,17,0,875,861
נווה דניאל,3725,01/01/2022,468,445,0,15226,15052,כתום,6.3,31.6761931,35.1428321,Orange,23,5,0,1077,1070
נווה דניאל,3725,01/02/2022,1182,1022,0,18798,18539,אדום,10,31.6761931,35.1428321,Red,714,577,0,3572,3487
נווה דניאל,3725,01/03/2022,1431,1403,0,19703,19389,אדום,9.5,31.6761931,35.1428321,Red,249,381,0,905,850
נווה דניאל,3725,01/04/2022,1518,1485,0,20161,19774,אדום,10,31.6761931,35.1428321,Red,87,82,0,458,385
נווה דניאל,3725,01/05/2022,1559,1558,0,20599,20130,צהוב,5.8,31.6761931,35.1428321,Yellow,41,73,0,438,356
נווה דניאל,3725,01/06/2022,1575,1575,0,20831,20344,ירוק,4.5,31.6761931,35.1428321,Green,16,17,0,232,214
נוף הגליל,1061,01/04/2020,16,0,0,216,211,,,32.7023065,35.3183216,,1575,1575,0,20831,20344
נוף הגליל,1061,01/05/2020,28,18,<15,1742,1649,,,32.7023065,35.3183216,,12,18,7.5,1526,1438
נוף הגליל,1061,01/06/2020,28,22,<15,2464,2339,,,32.7023065,35.3183216,,0,4,0,722,690
נוף הגליל,1061,01/07/2020,33,23,<15,3880,3749,,,32.7023065,35.3183216,,5,1,0,1416,1410
נוף הגליל,1061,01/08/2020,98,49,<15,5662,5483,,,32.7023065,35.3183216,,65,26,0,1782,1734
נוף הגליל,1061,01/09/2020,207,132,<15,8550,8276,צהוב,4.9,32.7023065,35.3183216,Yellow,109,83,0,2888,2793
נוף הגליל,1061,01/10/2020,560,321,<15,13958,13525,כתום,7.2,32.7023065,35.3183216,Orange,353,189,0,5408,5249
נוף הגליל,1061,01/11/2020,729,629,<15,18505,17822,ירוק,3.6,32.7023065,35.3183216,Green,169,308,0,4547,4297
נוף הגליל,1061,01/12/2020,891,755,<15,24029,23267,צהוב,5.6,32.7023065,35.3183216,Yellow,162,126,0,5524,5445
נוף הגליל,1061,01/01/2021,1364,1069,17,36720,35793,כתום,7.3,32.7023065,35.3183216,Orange,473,314,9.5,12691,12526
נוף הגליל,1061,01/02/2021,2185,1903,26,49699,48580,צהוב,5.7,32.7023065,35.3183216,Yellow,821,834,9,12979,12787
נוף הגליל,1061,01/03/2021,2631,2327,31,56984,55698,אדום,7.7,32.7023065,35.3183216,Red,446,424,5,7285,7118
נוף הגליל,1061,01/04/2021,2895,2789,32,69454,67929,ירוק,1.2,32.7023065,35.3183216,Green,264,462,1,12470,12231
נוף הגליל,1061,01/05/2021,2909,2827,32,78991,77378,ירוק,1.6,32.7023065,35.3183216,Green,14,38,0,9537,9449
נוף הגליל,1061,01/06/2021,2912,2837,32,82259,80615,ירוק,1.2,32.7023065,35.3183216,Green,3,10,0,3268,3237
נוף הגליל,1061,01/07/2021,2913,2840,32,84856,83207,ירוק,0.8,32.7023065,35.3183216,Green,1,3,0,2597,2592
נוף הגליל,1061,01/08/2021,2993,2865,33,92253,90575,כתום,6.1,32.7023065,35.3183216,Orange,80,25,1,7397,7368
נוף הגליל,1061,01/09/2021,3855,3373,37,109770,107923,אדום,7.8,32.7023065,35.3183216,Red,862,508,4,17517,17348
נוף הגליל,1061,01/10/2021,4451,4218,39,125825,123751,צהוב,5,32.7023065,35.3183216,Yellow,596,845,2,16055,15828
נוף הגליל,1061,01/11/2021,4650,4525,40,140449,138143,ירוק,2.9,32.7023065,35.3183216,Green,199,307,1,14624,14392
נוף הגליל,1061,01/12/2021,4714,4607,40,152978,150531,ירוק,4.3,32.7023065,35.3183216,Green,64,82,0,12529,12388
נוף הגליל,1061,01/01/2022,4874,4668,40,167972,165412,אדום,7.8,32.7023065,35.3183216,Red,160,61,0,14994,14881
נוף הגליל,1061,01/02/2022,12753,10530,47,227898,222468,אדום,10,32.7023065,35.3183216,Red,7879,5862,7,59926,57056
נוף הגליל,1061,01/03/2022,16448,15965,58,248225,240987,כתום,7.4,32.7023065,35.3183216,Orange,3695,5435,11,20327,18519
נוף הגליל,1061,01/04/2022,17396,17065,59,259932,250676,אדום,8.9,32.7023065,35.3183216,Red,948,1100,1,11707,9689
נוף הגליל,1061,01/05/2022,17951,17787,60,270227,258662,צהוב,5,32.7023065,35.3183216,Yellow,555,722,1,10295,7986
נוף הגליל,1061,01/06/2022,18257,18095,60,281531,268984,כתום,6.1,32.7023065,35.3183216,Orange,306,308,0,11304,10322
נתניה,7400,01/04/2020,116,0,0,1457,1436,,,32.3286181,34.8566246,,18257,18095,60,281531,268984
נתניה,7400,01/05/2020,179,119,<15,6583,5995,,,32.3286181,34.8566246,,63,119,7.5,5126,4559
נתניה,7400,01/06/2020,197,153,<15,10934,10236,,,32.3286181,34.8566246,,18,34,0,4351,4241
נתניה,7400,01/07/2020,357,185,<15,19833,18912,,,32.3286181,34.8566246,,160,32,0,8899,8676
נתניה,7400,01/08/2020,1123,703,<15,37626,35954,,,32.3286181,34.8566246,,766,518,0,17793,17042
נתניה,7400,01/09/2020,2169,1594,24,55550,53287,צהוב,5.3,32.3286181,34.8566246,Yellow,1046,891,16.5,17924,17333
נתניה,7400,01/10/2020,5531,3489,32,87733,84461,אדום,8.4,32.3286181,34.8566246,Red,3362,1895,8,32183,31174
נתניה,7400,01/11/2020,7099,6519,59,116302,111617,ירוק,3.8,32.3286181,34.8566246,Green,1568,3030,27,28569,27156
נתניה,7400,01/12/2020,7361,6931,70,144104,138880,ירוק,3.4,32.3286181,34.8566246,Green,262,412,11,27802,27263
נתניה,7400,01/01/2021,8654,7683,76,188833,183048,צהוב,5.6,32.3286181,34.8566246,Yellow,1293,752,6,44729,44168
נתניה,7400,01/02/2021,12118,10515,128,247465,240807,כתום,6.1,32.3286181,34.8566246,Orange,3464,2832,52,58632,57759
נתניה,7400,01/03/2021,15302,13631,155,294123,286540,כתום,6.5,32.3286181,34.8566246,Orange,3184,3116,27,46658,45733
נתניה,7400,01/04/2021,16929,16329,169,347022,338696,ירוק,2.4,32.3286181,34.8566246,Green,1627,2698,14,52899,52156
נתניה,7400,01/05/2021,17038,16611,175,375878,367146,ירוק,0.3,32.3286181,34.8566246,Green,109,282,6,28856,28450
נתניה,7400,01/06/2021,17056,16650,175,397907,389044,ירוק,0.1,32.3286181,34.8566246,Green,18,39,0,22029,21898
נתניה,7400,01/07/2021,17146,16679,175,421142,412205,צהוב,5.1,32.3286181,34.8566246,Yellow,90,29,0,23235,23161
נתניה,7400,01/08/2021,19207,17567,180,489871,480561,כתום,7.4,32.3286181,34.8566246,Orange,2061,888,5,68729,68356
נתניה,7400,01/09/2021,27502,23899,241,603377,592357,אדום,7.7,32.3286181,34.8566246,Red,8295,6332,61,113506,111796
נתניה,7400,01/10/2021,32893,31314,294,696206,682873,צהוב,4.7,32.3286181,34.8566246,Yellow,5391,7415,53,92829,90516
נתניה,7400,01/11/2021,33543,32890,304,767296,752237,ירוק,1.2,32.3286181,34.8566246,Green,650,1576,10,71090,69364
נתניה,7400,01/12/2021,33645,33056,307,825923,810003,ירוק,1.8,32.3286181,34.8566246,Green,102,166,3,58627,57766
נתניה,7400,01/01/2022,34406,33271,307,904778,888344,כתום,7,32.3286181,34.8566246,Orange,761,215,0,78855,78341
נתניה,7400,01/02/2022,73418,64708,329,1177065,1149091,אדום,10,32.3286181,34.8566246,Red,39012,31437,22,272287,260747
נתניה,7400,01/03/2022,88968,86778,377,1262435,1227875,כתום,6.8,32.3286181,34.8566246,Orange,15550,22070,48,85370,78784
נתניה,7400,01/04/2022,95377,93154,383,1315963,1274494,אדום,9.3,32.3286181,34.8566246,Red,6409,6376,6,53528,46619
נתניה,7400,01/05/2022,99018,98173,386,1360327,1312379,צהוב,5.2,32.3286181,34.8566246,Yellow,3641,5019,3,44364,37885
נתניה,7400,01/06/2022,100543,99813,387,1392812,1342819,כתום,6,32.3286181,34.8566246,Orange,1525,1640,1,32485,30440
עין קנייא,4502,01/04/2020,0,0,0,<15,<15,,,33.2363745,35.73117594,,100543,99813,387,1392812,1342819
עין קנייא,4502,01/05/2020,0,0,0,46,46,,,33.2363745,35.73117594,,0,0,0,38.5,38.5
עין קנייא,4502,01/06/2020,0,0,0,56,56,,,33.2363745,35.73117594,,0,0,0,10,10
עין קנייא,4502,01/07/2020,0,0,0,79,79,,,33.2363745,35.73117594,,0,0,0,23,23
עין קנייא,4502,01/08/2020,0,0,0,103,103,,,33.2363745,35.73117594,,0,0,0,24,24
עין קנייא,4502,01/09/2020,32,<15,0,659,643,ירוק,3.7,33.2363745,35.73117594,Green,32,7.5,0,556,540
עין קנייא,4502,01/10/2020,66,43,<15,1087,1048,ירוק,4.4,33.2363745,35.73117594,Green,34,35.5,7.5,428,405
עין קנייא,4502,01/11/2020,79,49,<15,1254,1211,צהוב,6,33.2363745,35.73117594,Yellow,13,6,0,167,163
עין קנייא,4502,01/12/2020,125,110,<15,2017,1973,צהוב,4.7,33.2363745,35.73117594,Yellow,46,61,0,763,762
עין קנייא,4502,01/01/2021,187,157,<15,2615,2563,אדום,8.6,33.2363745,35.73117594,Red,62,47,0,598,590
עין קנייא,4502,01/02/2021,270,257,<15,3006,2943,ירוק,4.1,33.2363745,35.73117594,Green,83,100,0,391,380
עין קנייא,4502,01/03/2021,281,272,<15,3078,3012,ירוק,4.1,33.2363745,35.73117594,Green,11,15,0,72,69
עין קנייא,4502,01/04/2021,296,289,<15,3234,3168,ירוק,2,33.2363745,35.73117594,Green,15,17,0,156,156
עין קנייא,4502,01/05/2021,296,290,<15,3332,3266,ירוק,2,33.2363745,35.73117594,Green,0,1,0,98,98
עין קנייא,4502,01/06/2021,296,290,<15,3343,3277,ירוק,1.7,33.2363745,35.73117594,Green,0,0,0,11,11
עין קנייא,4502,01/07/2021,296,290,<15,3370,3304,ירוק,2,33.2363745,35.73117594,Green,0,0,0,27,27
עין קנייא,4502,01/08/2021,296,290,<15,3485,3419,ירוק,2,33.2363745,35.73117594,Green,0,0,0,115,115
עין קנייא,4502,01/09/2021,302,291,<15,3587,3521,ירוק,4.1,33.2363745,35.73117594,Green,6,1,0,102,102
עין קנייא,4502,01/10/2021,321,306,<15,3846,3780,ירוק,3.8,33.2363745,35.73117594,Green,19,15,0,259,259
עין קנייא,4502,01/11/2021,325,317,<15,4088,4021,ירוק,4.3,33.2363745,35.73117594,Green,4,11,0,242,241
עין קנייא,4502,01/12/2021,345,322,<15,4450,4379,צהוב,5.5,33.2363745,35.73117594,Yellow,20,5,0,362,358
עין קנייא,4502,01/01/2022,354,348,<15,4953,4879,ירוק,2,33.2363745,35.73117594,Green,9,26,0,503,500
עין קנייא,4502,01/02/2022,723,641,<15,6192,6054,אדום,10,33.2363745,35.73117594,Red,369,293,0,1239,1175
עין קנייא,4502,01/03/2022,855,846,<15,6521,6373,אדום,8,33.2363745,35.73117594,Red,132,205,0,329,319
עין קנייא,4502,01/04/2022,866,857,<15,6646,6486,ירוק,4.5,33.2363745,35.73117594,Green,11,11,0,125,113
עין קנייא,4502,01/05/2022,878,871,<15,6852,6663,ירוק,2.4,33.2363745,35.73117594,Green,12,14,0,206,177
עין קנייא,4502,01/06/2022,878,874,<15,6915,6726,ירוק,2,33.2363745,35.73117594,Green,0,3,0,63,63
פסגות,3659,01/04/2020,<15,0,0,84,78,,,31.8986546,35.2241131,,878,874,7.5,6915,6726
פסגות,3659,01/05/2020,17,<15,0,207,150,,,31.8986546,35.2241131,,9.5,7.5,0,123,72
פסגות,3659,01/06/2020,17,16,0,251,186,,,31.8986546,35.2241131,,0,8.5,0,44,36
פסגות,3659,01/07/2020,17,16,0,316,251,,,31.8986546,35.2241131,,0,0,0,65,65
פסגות,3659,01/08/2020,19,17,0,419,352,,,31.8986546,35.2241131,,2,1,0,103,101
פסגות,3659,01/09/2020,30,20,0,504,434,צהוב,5.1,31.8986546,35.2241131,Yellow,11,3,0,85,82
פסגות,3659,01/10/2020,41,34,0,706,624,ירוק,3.1,31.8986546,35.2241131,Green,11,14,0,202,190
פסגות,3659,01/11/2020,49,44,0,1008,919,ירוק,4.1,31.8986546,35.2241131,Green,8,10,0,302,295
פסגות,3659,01/12/2020,53,51,0,1394,1302,ירוק,2,31.8986546,35.2241131,Green,4,7,0,386,383
פסגות,3659,01/01/2021,76,61,0,2458,2363,כתום,6.4,31.8986546,35.2241131,Orange,23,10,0,1064,1061
פסגות,3659,01/02/2021,146,111,0,3914,3813,אדום,8.3,31.8986546,35.2241131,Red,70,50,0,1456,1450
פסגות,3659,01/03/2021,175,171,0,4657,4549,ירוק,3.4,31.8986546,35.2241131,Green,29,60,0,743,736
פסגות,3659,01/04/2021,190,187,0,5519,5405,ירוק,2,31.8986546,35.2241131,Green,15,16,0,862,856
פסגות,3659,01/05/2021,190,188,0,5803,5684,ירוק,2,31.8986546,35.2241131,Green,0,1,0,284,279
פסגות,3659,01/06/2021,190,188,0,5945,5826,ירוק,2,31.8986546,35.2241131,Green,0,0,0,142,142
פסגות,3659,01/07/2021,194,188,0,6127,6008,ירוק,4.4,31.8986546,35.2241131,Green,4,0,0,182,182
פסגות,3659,01/08/2021,199,194,0,6467,6348,ירוק,2.9,31.8986546,35.2241131,Green,5,6,0,340,340
פסגות,3659,01/09/2021,222,209,0,7476,7357,צהוב,5.3,31.8986546,35.2241131,Yellow,23,15,0,1009,1009
פסגות,3659,01/10/2021,258,252,0,8554,8431,צהוב,4.7,31.8986546,35.2241131,Yellow,36,43,0,1078,1074
פסגות,3659,01/11/2021,262,259,0,9058,8934,ירוק,2,31.8986546,35.2241131,Green,4,7,0,504,503
פסגות,3659,01/12/2021,262,259,0,9306,9182,ירוק,2,31.8986546,35.2241131,Green,0,0,0,248,248
פסגות,3659,01/01/2022,288,260,0,10478,10353,צהוב,4.8,31.8986546,35.2241131,Yellow,26,1,0,1172,1171
פסגות,3659,01/02/2022,940,810,0,15164,14871,אדום,10,31.8986546,35.2241131,Red,652,550,0,4686,4518
פסגות,3659,01/03/2022,1140,1126,0,15918,15560,אדום,9.1,31.8986546,35.2241131,Red,200,316,0,754,689
פסגות,3659,01/04/2022,1221,1207,0,16145,15770,אדום,9.9,31.8986546,35.2241131,Red,81,81,0,227,210
פסגות,3659,01/05/2022,1257,1254,0,16280,15877,ירוק,4.5,31.8986546,35.2241131,Green,36,47,0,135,107
פסגות,3659,01/06/2022,1261,1265,0,16339,15931,ירוק,2.5,31.8986546,35.2241131,Green,4,11,0,59,54
קרית שמונה,2800,01/04/2020,<15,0,0,120,118,,,33.2074733,35.5707828,,1261,1265,0,16339,15931
קרית שמונה,2800,01/05/2020,<15,<15,0,592,552,,,33.2074733,35.5707828,,0,7.5,0,472,434
קרית שמונה,2800,01/06/2020,<15,<15,0,892,830,,,33.2074733,35.5707828,,0,0,0,300,278
קרית שמונה,2800,01/07/2020,15,<15,0,1365,1298,,,33.2074733,35.5707828,,7.5,0,0,473,468
קרית שמונה,2800,01/08/2020,87,53,0,3106,2958,,,33.2074733,35.5707828,,72,45.5,0,1741,1660
קרית שמונה,2800,01/09/2020,138,90,0,4159,3986,צהוב,5.6,33.2074733,35.5707828,Yellow,51,37,0,1053,1028
קרית שמונה,2800,01/10/2020,477,277,<15,7516,7295,כתום,6.9,33.2074733,35.5707828,Orange,339,187,7.5,3357,3309
קרית שמונה,2800,01/11/2020,555,485,<15,9333,9043,ירוק,4.1,33.2074733,35.5707828,Green,78,208,0,1817,1748
קרית שמונה,2800,01/12/2020,581,521,<15,11001,10680,ירוק,3.4,33.2074733,35.5707828,Green,26,36,0,1668,1637
קרית שמונה,2800,01/01/2021,808,665,<15,17259,16855,כתום,6,33.2074733,35.5707828,Orange,227,144,0,6258,6175
קרית שמונה,2800,01/02/2021,1131,964,<15,22483,22026,כתום,6.7,33.2074733,35.5707828,Orange,323,299,0,5224,5171
קרית שמונה,2800,01/03/2021,1342,1260,<15,25939,25435,ירוק,3.7,33.2074733,35.5707828,Green,211,296,0,3456,3409
קרית שמונה,2800,01/04/2021,1362,1314,<15,28253,27724,ירוק,2.6,33.2074733,35.5707828,Green,20,54,0,2314,2289
קרית שמונה,2800,01/05/2021,1366,1330,<15,29739,29195,ירוק,1.5,33.2074733,35.5707828,Green,4,16,0,1486,1471
קרית שמונה,2800,01/06/2021,1367,1336,<15,30874,30326,ירוק,2,33.2074733,35.5707828,Green,1,6,0,1135,1131
קרית שמונה,2800,01/07/2021,1368,1338,<15,31778,31229,ירוק,1.5,33.2074733,35.5707828,Green,1,2,0,904,903
קרית שמונה,2800,01/08/2021,1403,1350,<15,34139,33581,צהוב,5.5,33.2074733,35.5707828,Yellow,35,12,0,2361,2352
קרית שמונה,2800,01/09/2021,1772,1542,<15,40791,40202,כתום,7.3,33.2074733,35.5707828,Orange,369,192,0,6652,6621
קרית שמונה,2800,01/10/2021,2293,2159,<15,49104,48366,צהוב,4.7,33.2074733,35.5707828,Yellow,521,617,0,8313,8164
קרית שמונה,2800,01/11/2021,2419,2340,<15,55736,54925,צהוב,5.1,33.2074733,35.5707828,Yellow,126,181,0,6632,6559
קרית שמונה,2800,01/12/2021,2441,2406,<15,59797,58934,ירוק,2.4,33.2074733,35.5707828,Green,22,66,0,4061,4009
קרית שמונה,2800,01/01/2022,2503,2421,<15,65171,64277,כתום,6.1,33.2074733,35.5707828,Orange,62,15,0,5374,5343
קרית שמונה,2800,01/02/2022,6006,4855,<15,94594,92416,אדום,10,33.2074733,35.5707828,Red,3503,2434,0,29423,28139
קרית שמונה,2800,01/03/2022,8344,8032,15,105662,102718,אדום,8.2,33.2074733,35.5707828,Red,2338,3177,7.5,11068,10302
קרית שמונה,2800,01/04/2022,9422,9115,15,110311,106929,אדום,10,33.2074733,35.5707828,Red,1078,1083,0,4649,4211
קרית שמונה,2800,01/05/2022,9984,9881,17,113262,109428,כתום,6.8,33.2074733,35.5707828,Orange,562,766,2,2951,2499
קרית שמונה,2800,01/06/2022,10103,10049,17,115057,111098,כתום,6,33.2074733,35.5707828,Orange,119,168,0,1795,1670
ראש העין,2640,01/04/2020,17,0,0,608,606,,,32.09252605,34.96235117,,10103,10049,17,115057,111098
ראש העין,2640,01/05/2020,54,22,<15,2463,2290,,,32.09252605,34.96235117,,37,22,7.5,1855,1684
ראש העין,2640,01/06/2020,59,35,<15,3602,3295,,,32.09252605,34.96235117,,5,13,0,1139,1005
ראש העין,2640,01/07/2020,95,43,<15,6623,6263,,,32.09252605,34.96235117,,36,8,0,3021,2968
ראש העין,2640,01/08/2020,392,241,<15,12403,11752,,,32.09252605,34.96235117,,297,198,0,5780,5489
ראש העין,2640,01/09/2020,739,543,<15,17503,16723,צהוב,5.5,32.09252605,34.96235117,Yellow,347,302,0,5100,4971
ראש העין,2640,01/10/2020,1630,1065,<15,26249,25288,אדום,8.2,32.09252605,34.96235117,Red,891,522,0,8746,8565
ראש העין,2640,01/11/2020,2091,1935,<15,33997,32743,ירוק,2.8,32.09252605,34.96235117,Green,461,870,0,7748,7455
ראש העין,2640,01/12/2020,2159,2050,<15,43487,42098,ירוק,2.6,32.09252605,34.96235117,Green,68,115,0,9490,9355
ראש העין,2640,01/01/2021,2610,2296,<15,63068,61569,כתום,6.1,32.09252605,34.96235117,Orange,451,246,0,19581,19471
ראש העין,2640,01/02/2021,4126,3536,22,89803,88034,כתום,6.6,32.09252605,34.96235117,Orange,1516,1240,14.5,26735,26465
ראש העין,2640,01/03/2021,5106,4734,28,107538,105533,צהוב,5.5,32.09252605,34.96235117,Yellow,980,1198,6,17735,17499
ראש העין,2640,01/04/2021,5489,5351,30,127053,124888,ירוק,1.3,32.09252605,34.96235117,Green,383,617,2,19515,19355
ראש העין,2640,01/05/2021,5503,5396,31,135609,133355,ירוק,0.7,32.09252605,34.96235117,Green,14,45,1,8556,8467
ראש העין,2640,01/06/2021,5504,5401,31,141401,139127,ירוק,2,32.09252605,34.96235117,Green,1,5,0,5792,5772
ראש העין,2640,01/07/2021,5521,5408,31,145861,143583,ירוק,2.2,32.09252605,34.96235117,Green,17,7,0,4460,4456
ראש העין,2640,01/08/2021,5829,5567,31,163875,161537,צהוב,5.9,32.09252605,34.96235117,Yellow,308,159,0,18014,17954
ראש העין,2640,01/09/2021,7871,6883,35,200206,197578,אדום,7.8,32.09252605,34.96235117,Red,2042,1316,4,36331,36041
ראש העין,2640,01/10/2021,9570,9074,43,235418,232230,צהוב,5.7,32.09252605,34.96235117,Yellow,1699,2191,8,35212,34652
ראש העין,2640,01/11/2021,9869,9708,46,258016,254442,ירוק,2.4,32.09252605,34.96235117,Green,299,634,3,22598,22212
ראש העין,2640,01/12/2021,9992,9811,47,277255,273438,כתום,6.3,32.09252605,34.96235117,Orange,123,103,1,19239,18996
ראש העין,2640,01/01/2022,10360,10001,48,305267,301259,כתום,7.5,32.09252605,34.96235117,Orange,368,190,1,28012,27821
ראש העין,2640,01/02/2022,25325,21922,51,421466,411917,אדום,10,32.09252605,34.96235117,Red,14965,11921,3,116199,110658
ראש העין,2640,01/03/2022,32266,31490,57,452460,440655,אדום,8.3,32.09252605,34.96235117,Red,6941,9568,6,30994,28738
ראש העין,2640,01/04/2022,35133,34371,60,467730,453540,אדום,9.9,32.09252605,34.96235117,Red,2867,2881,3,15270,12885
ראש העין,2640,01/05/2022,36591,36366,61,480327,463753,צהוב,5.8,32.09252605,34.96235117,Yellow,1458,1995,1,12597,10213
ראש העין,2640,01/06/2022,37152,36973,61,486995,469883,כתום,6,32.09252605,34.96235117,Orange,561,607,0,6668,6130
תפרח,709,01/04/2020,0,0,0,<15,<15,,,31.3265145,34.677459,,37152,36973,61,486995,469883
תפרח,709,01/05/2020,<15,<15,0,87,78,,,31.3265145,34.677459,,7.5,7.5,0,79.5,70.5
תפרח,709,01/06/2020,<15,<15,0,120,105,,,31.3265145,34.677459,,0,0,0,33,27
תפרח,709,01/07/2020,<15,<15,0,176,157,,,31.3265145,34.677459,,0,0,0,56,52
תפרח,709,01/08/2020,31,27,0,451,386,,,31.3265145,34.677459,,23.5,19.5,0,275,229
תפרח,709,01/09/2020,72,56,0,668,601,צהוב,5.5,31.3265145,34.677459,Yellow,41,29,0,217,215
תפרח,709,01/10/2020,234,121,<15,1178,1091,אדום,10,31.3265145,34.677459,Red,162,65,7.5,510,490
תפרח,709,01/11/2020,295,286,<15,1692,1581,ירוק,4.5,31.3265145,34.677459,Green,61,165,0,514,490
תפרח,709,01/12/2020,297,290,<15,1839,1725,ירוק,2.3,31.3265145,34.677459,Green,2,4,0,147,144
תפרח,709,01/01/2021,351,319,<15,2361,2244,אדום,9,31.3265145,34.677459,Red,54,29,0,522,519
תפרח,709,01/02/2021,570,462,<15,3432,3307,אדום,10,31.3265145,34.677459,Red,219,143,0,1071,1063
תפרח,709,01/03/2021,677,660,<15,4209,4073,ירוק,4.2,31.3265145,34.677459,Green,107,198,0,777,766
תפרח,709,01/04/2021,703,688,<15,4467,4325,ירוק,4.2,31.3265145,34.677459,Green,26,28,0,258,252
תפרח,709,01/05/2021,703,694,<15,4571,4413,ירוק,3.8,31.3265145,34.677459,Green,0,6,0,104,88
תפרח,709,01/06/2021,703,694,<15,4608,4445,ירוק,2,31.3265145,34.677459,Green,0,0,0,37,32
תפרח,709,01/07/2021,703,694,<15,4627,4464,ירוק,2,31.3265145,34.677459,Green,0,0,0,19,19
תפרח,709,01/08/2021,709,697,<15,4784,4620,ירוק,3.4,31.3265145,34.677459,Green,6,3,0,157,156
תפרח,709,01/09/2021,806,720,<15,5539,5372,אדום,10,31.3265145,34.677459,Red,97,23,0,755,752
תפרח,709,01/10/2021,916,886,<15,6114,5937,אדום,7.6,31.3265145,34.677459,Red,110,166,0,575,565
תפרח,709,01/11/2021,935,921,<15,6427,6246,ירוק,4.3,31.3265145,34.677459,Green,19,35,0,313,309
תפרח,709,01/12/2021,937,926,<15,6536,6349,ירוק,2,31.3265145,34.677459,Green,2,5,0,109,103
תפרח,709,01/01/2022,940,928,<15,6647,6459,ירוק,4.3,31.3265145,34.677459,Green,3,2,0,111,110
תפרח,709,01/02/2022,1222,1150,<15,7733,7516,אדום,8.6,31.3265145,34.677459,Red,282,222,0,1086,1057
תפרח,709,01/03/2022,1240,1232,<15,7830,7601,ירוק,2,31.3265145,34.677459,Green,18,82,0,97,85
תפרח,709,01/04/2022,1257,1253,<15,7912,7675,ירוק,3,31.3265145,34.677459,Green,17,21,0,82,74
תפרח,709,01/05/2022,1262,1258,<15,7969,7731,ירוק,3.1,31.3265145,34.677459,Green,5,5,0,57,56
תפרח,709,01/06/2022,1262,1258,<15,8012,7774,ירוק,2,31.3265145,34.677459,Green,0,0,0,43,43
אילת,2600,01/04/2020,<15,0,0,350,342,NULL,NULL,29.5569348,34.9497949,,1262,1258,7.5,8012,7774
אילת,2600,01/05/2020,28,17,<15,1263,1188,NULL,NULL,29.5569348,34.9497949,,20.5,17,7.5,913,846
אילת,2600,01/06/2020,31,21,<15,1948,1861,NULL,NULL,29.5569348,34.9497949,,3,4,0,685,673
אילת,2600,01/07/2020,85,31,<15,3906,3767,NULL,NULL,29.5569348,34.9497949,,54,10,0,1958,1906
אילת,2600,01/08/2020,329,151,<15,7616,7279,NULL,NULL,29.5569348,34.9497949,,244,120,0,3710,3512
אילת,2600,01/09/2020,436,279,<15,10145,9684,ירוק,4.1,29.5569348,34.9497949,Green,107,128,0,2529,2405
אילת,2600,01/10/2020,841,577,<15,16479,15943,כתום,6.4,29.5569348,34.9497949,Orange,405,298,0,6334,6259
אילת,2600,01/11/2020,954,840,<15,21929,21290,ירוק,2.3,29.5569348,34.9497949,Green,113,263,0,5450,5347
אילת,2600,01/12/2020,1018,911,<15,47003,46242,ירוק,3.3,29.5569348,34.9497949,Green,64,71,0,25074,24952
אילת,2600,01/01/2021,1154,1003,<15,90379,89489,כתום,6.4,29.5569348,34.9497949,Orange,136,92,0,43376,43247
אילת,2600,01/02/2021,1656,1335,<15,104131,103133,כתום,6.7,29.5569348,34.9497949,Orange,502,332,0,13752,13644
אילת,2600,01/03/2021,2311,1987,<15,122339,121127,צהוב,5.2,29.5569348,34.9497949,Yellow,655,652,0,18208,17994
אילת,2600,01/04/2021,2584,2461,<15,145383,143980,ירוק,1.4,29.5569348,34.9497949,Green,273,474,0,23044,22853
אילת,2600,01/05/2021,2600,2514,<15,166614,165118,ירוק,1.1,29.5569348,34.9497949,Green,16,53,0,21231,21138
אילת,2600,01/06/2021,2603,2521,<15,173992,172468,ירוק,1.5,29.5569348,34.9497949,Green,3,7,0,7378,7350
אילת,2600,01/07/2021,2614,2529,<15,178204,176672,ירוק,1.5,29.5569348,34.9497949,Green,11,8,0,4212,4204
אילת,2600,01/08/2021,2808,2611,<15,189633,188066,כתום,6.2,29.5569348,34.9497949,Orange,194,82,0,11429,11394
אילת,2600,01/09/2021,4612,3590,<15,219785,217815,אדום,8.5,29.5569348,34.9497949,Red,1804,979,0,30152,29749
אילת,2600,01/10/2021,6155,5775,17,248676,245962,צהוב,5,29.5569348,34.9497949,Yellow,1543,2185,9.5,28891,28147
אילת,2600,01/11/2021,6452,6297,19,282882,279528,ירוק,2.5,29.5569348,34.9497949,Green,297,522,2,34206,33566
אילת,2600,01/12/2021,6496,6384,19,310231,306461,ירוק,1.6,29.5569348,34.9497949,Green,44,87,0,27349,26933
אילת,2600,01/01/2022,6617,6461,19,342043,338086,ירוק,4.5,29.5569348,34.9497949,Green,121,77,0,31812,31625
אילת,2600,01/02/2022,15531,12923,21,422798,414766,אדום,10,29.5569348,34.9497949,Red,8914,6462,2,80755,76680
אילת,2600,01/03/2022,21239,20544,30,455617,445010,אדום,7.6,29.5569348,34.9497949,Red,5708,7621,9,32819,30244
אילת,2600,01/04/2022,22636,22229,32,471295,458971,אדום,9,29.5569348,34.9497949,Red,1397,1685,2,15678,13961
אילת,2600,01/05/2022,23771,23613,32,487299,473131,כתום,6.3,29.5569348,34.9497949,Orange,1135,1384,0,16004,14160
אילת,2600,01/06/2022,24302,24316,32,497293,482572,כתום,6.3,29.5569348,34.9497949,Orange,531,703,0,9994,9441
